id,unique_id,tag,keyword,first_editor,last_editor,yomi,content
1,1,ピクミン,岩ピクミン,koppacha,koppacha,いわぴくみん,『ピクミン3』で初登場したピクミンの一種。 ストーリーモードでは“再開の花園”の洞窟内で初遭遇することになるが、 トロロタラシに捕まっているため、トロロタラシを倒さなければ仲間にすることができない。身体が硬い石のような物質でできており、各ステージに点在する“スイショウ”を破壊できるという特徴を持つ。 また、岩ピクミンを原生生物に投げると大きなダメージを与えることができるため、戦闘での活躍も期待できる。 さらに潰す攻撃に対して無敵であるため、フタクチドックリやイモガエルと戦うときは岩ピクミンのみで挑むと犠牲ゼロで倒すことができる。このようにルート開拓・戦闘力両面において有用な特徴を持ってはいるが、 投げる際にバウンドする、張り付き攻撃ができない、などといった特徴を持ち併せているため、 戦闘力に関しては状況によっては赤ピクミンの方が勝る場合もある。
2,2,原生生物,ペロチャッピー,koppacha,koppacha,ぺろちゃっぴー,『ピクミン3』で初登場したイヌムシ科(推定)の一種。 クマチャッピーと同じく昼行性で、決まった縄張りを巡廻して常に捕食対象を探している。 背後を取りにくく、正面から挑まざるを得ない場合も多いため、夜行性である他のイヌムシ科よりも手強いと言える。 口がアリクイのようにすぼんでおり、ここから長い舌をくりだしてピクミンを絡め取って食べる。 その性質上クマチャッピーと比べると捕食スピードはそれほど速くない。 ケチャッピーと色が似ているが活動場所などはまったく異なり、関連性は不明。
3,3,その他回収物,キンカイ,koppacha,koppacha,きんかい,『ピクミン3』で初登場した回収対象物。ミッションモード“お宝をあつめろ！”にのみ登場する。 キンカイは必ず複数個が固まって配置されており、ひとつあたりの重さは1(最大値1)で、一粒あたり3点の価値。 ピクミンはこれをひとつずつ運び、ポッドまで持ってくると自動的に往復して残りのキンカイも運び始める。 すべてのキンカイを回収すると、キンカイのあった場所で待機する。ピクミンを一気にキンカイに投げる場合、ピクミンの数をキンカイ総数の約数にすると効率良く運搬できる。 また、複数の隊員を操作できるステージの場合は、キンカイの場所に一人待機させておくことでフリーになったピクミンをすぐ動かすことができる。キンカイが多数配置されている“白銀の泉”“続・落葉の回廊”などは、いかにして効率良くキンカイを回収するかがハイスコアの鍵となる。 最も大きいキンカイは“続・原生の杜”、“冬の贈りもの”に登場する100個。
4,4,フルーツ,ヒダマリノミ,koppacha,koppacha,ひだまりのみ,『ピクミン2』で初登場したお宝。イチゴの外見をしている。価値170ポコ。“未開の味シリーズ”のひとつであり、次作『ピクミン3』にも登場した。 “めざめの森”の地上に存在するお宝の中でもドルフィン初号機に非常に近い場所に置かれており、 このエリアの中では回収は最も容易なお宝であると言える。重さは5～10。 近くにアカコチャッピーとアカチャッピーが生息しているため、これらを退治しておくとより安全に運搬できる。『ピクミン3』では“再開の花園”にて、アルフたちが最初に遭遇するフルーツとして登場する。 4個存在し、果汁量は1.0。重さは3～6と前作から比べて軽くなっている。4個のうち3個は“再開の花園”に存在する。 ミッションモードでも価値50点のお宝として頻繁に登場する他、 “フキダマリノミ”という、より価値の高い類似のお宝も存在する。ピクミンシリーズでは“ヤブレカブレ”と並んでメジャーな運搬物と言えるだろう。
5,5,ピクミン,黄ピクミン,koppacha,koppacha,きぴくみん,『ピクミン』で初登場したピクミンの一種。 『ピクミン』ではバクダン岩を扱える唯一のピクミンとして、『ピクミン2』では電気に耐性を持つピクミンとして、 『ピクミン3』では電気耐性に加え、タテ穴・ヨコ穴の開通速度と、埋まっているフルーツを掘る速度が早い唯一のピクミンとして登場する。 共通しているのは“他のピクミンよりも高く飛ぶ”という点のみである。 『ピクミン』の頃からすでにバクダン岩を扱えたり、採掘速度が速いなどといった特徴から、他ピクミンよりも器用であることがうかがえる。 いずれのシリーズでも、他ピクミンと違って代替の効かない特性を持っていることもあり重宝される傾向にある。特に『ピクミン2』における高難度の地下ではダマグモ系のボスが多いことや、属性攻撃のうち電気のみが即死ということもあり、 それらに強い黄ピクミンがよく活躍する。『ピクミン3』では赤ピクミンを差し置いて最初に遭遇するピクミンとして登場した。
6,6,チャレンジモード,けだものの穴,koppacha,koppacha,けだもののあな,通常は“始まりの洞窟”の次に入ることになる地下。フロア数や原生生物の数の割にお宝総金額が高い。 お宝はすべて任天堂が実際に販売していたことのあるもので統一されている。 属性は火のみとなっているため、赤ピクミンのみでも十分攻略できるが、お宝に比較的重いものが多いため紫ピクミンがいた方がスムーズに進める。 最深部のボス・クイーンチャッピーは他の洞窟で登場するバージョンと違ってベビーチャッピーを生まないタイプである。 入口は比較的ドルフィン初号機から近い場所にあり、B4Fにはムラサキポンガシグサがあるため序盤で紫ピクミンを増やすのに適した地下と言える。
7,7,原生生物,ダンゴナマズ,koppacha,koppacha,だんごなまず,口元と獰猛であること以外は似ても似つかないがデメマダラの近縁種である。 シリーズを通して主に「水上の難敵」として、特に青ピクミンを連れているときのプレイヤーを悩ませ続ける。 捕食スピードは大きさが倍以上あるチャッピーとほぼ変わらず、遭遇時の隊列は攻撃力に乏しい青ピクミンのみであることが多いため、真正面から挑むと甚大な被害を生んでしまいがちである。 反面、背後に弱いのは他のイヌムシ科と共通しており、気付かれないまま背後から突撃すれば少数精鋭でも倒すことができる。 両生類なのか陸上に出る姿も確認され、特に『ピクミン2』の地下では陸上で動き回る姿がよく見かけられる。
8,8,原生生物,ハンボ,koppacha,koppacha,はんぼ,普段は葉っぱに擬態しており、この状態ではピクミンは見付けることができないため攻撃しようとしない。 さらに動きだすと非常に素早いため、突撃だけで倒そうとすると時間を食いがちである。 コチャッピー系と同じように背中にピクミンを当てると一撃で倒すことができるため、倒すときはこの方法でサクサクと倒していきたい。 明るい場所が苦手なのか、『ピクミン2』では水中や洞窟に多く生息する。 『ピクミン3』では、ミッションモード“草花の園”にてハンボの隠れ家を見ることができる。
9,9,フィールド,水中の城,koppacha,koppacha,すいちゅうのしろ,『ピクミン2』に登場する、水中に入口があり青ピクミンしか入ることのできない特殊な地下。 B1～B4Fはそのフロアに5分間居続けるとアメボウズが降ってくる。 アメボウズは紫ピクミンの衝撃がないと実体化しないため、4Fまでは実質無敵である。 このアメボウズの脅威に加え、青ピクミンしか連れて行けないのに間欠炎、電極、毒ガス管と多彩な障害物がある上に、 B4Fではいたるところにサクレショイグモやバクダン岩が配置されており、同作の地下の中でも屈指の難易度を誇る。 ただしすべての属性攻撃は地下に最大40匹出現するコッパチャッピーで対処することができるため、 慣れれば青ピクミンはそれほど連れていかなくても攻略できる。 最深部ではムラサキポンガシグサが配置されており、ここでようやくアメボウズと対峙することになる。
10,10,ピクミン,羽ピクミン,koppacha,koppacha,はねぴくみん,『ピクミン3』で初登場したピクミンの一種。ストーリーモードでは“交わりの渓流”で出会うことになる。 目が大きい点や小柄な点など、ピクミン科の中でも白ピクミンとの類似点が多く見られる。 ピンク色の身体に小さな羽根が付いており、常に飛んで動き回る。そのため、浅瀬であれば水上を移動することもできる他、段差を飛び越えて物を運ぶこともできる。 ストーリーモードではオニヨンごと天敵のマリグモに捕らえられており絶滅寸前だったところをコッパイ星人に助けられた。 攻撃力は青ピクミンよりもさらに低く全ピクミン中最弱であるが、空を飛ぶ原生生物に何度も立ち向かっていけるという強さを持ち併せており、 フーセンドックリやサライムシといった原生生物に対しては無類の強さを発揮する。
11,11,原生生物,ダマグモ,koppacha,koppacha,だまぐも,『ピクミン』で初登場した大型原生生物。四本の大きな足にくす玉のようなコアが垂れ下がっている。 テリトリーに入ってきた小型原生生物を大きな足で踏みつぶす。内蔵など重要な器官がコア部分に集中しているらしく、 ここを攻撃することで倒すことができる。特に高く飛ぶ黄ピクミンの場合はコア部分に直接届くため、容易に倒すことが可能。 倒すとコア部分が割れる。『ピクミン』では“ガードサテライト”、『ピクミン2』では“あのカギ”がそれぞれ中から出てくる。 その他に大きなペレットを蓄えていることも多い。 『ピクミン』では専用BGMが用意されているのはラスボスのダイオウデメマダラを除くとこのダマグモのみである。 シリーズを通して中ボスのシンボル的存在であり、『ピクミン2』ではさまざまな亜種が登場した。 自身も頻繁に登場していたが、次作の『ピクミン3』では亜種のケダマグモにその座を奪われ、登場することはなかった。
12,12,フルーツ,ヒトタマデラマンプク,koppacha,koppacha,ひとたまでらまんぷく,『ピクミン3』に登場するスイカ。“始まりの森”に生息する大型生物・オオスナフラシが飲み込んでおり、倒すと同時に吐き出され運べるようになる。 出現と同時に6つに割れ、合計42匹で運べるようになる。また、ミッションモード“お宝をあつめろ！”では“続・渇きの砂”で見ることができる。 重い運搬物が少ない『ピクミン3』の中では非常に運搬に手間のかかるフルーツであり、 最も大きい欠片は全フルーツの中でも“オミマイノミ”に次ぐ重さである。 スイカは厳密に分類すると野菜であるが、作中ではフルーツとして扱われている。
13,13,原生生物,パンモドキ,koppacha,koppacha,ぱんもどき,『ピクミン』で初登場した原生生物。外敵からの攻撃に耐えうる肉厚の表皮を持った原生生物であり、 ピクミン同様エリア内のどこかに自分の“巣”を持ち、決められたルートを常に巡廻している昼行性の生物である。 ピクミンと同じ食性であり、ペレットや小型原生生物を運搬して巣穴に溜め込む習性を持つ。 ピクミンは直接危害を与えようとするものしか敵と見なさない習性があるため、 ピクミンを直接捕食しないパンモドキに対しては攻撃しようとしないが、餌の奪い合いになることはある。 また、パンモドキとオオパンモドキは狙う餌の大きさが違うため奪い合いになることはないが、お互いに死骸を運ぶことがある。 『ピクミン』ではチャレンジモード“遭難地点”“樹海のヘソ”で登場する数少ない原生生物のうち一種である。 また、『ピクミン2』ではチャレンジモード“食神のかまど”にてパンモドキの巣と見られる場所がある。 『ピクミン3』では類似生物も含めて登場しなかった。
14,14,原生生物,アカコチャッピー（コチャッピー）,koppacha,koppacha,あかこちゃっぴー,アカチャッピーの幼生……ではなく、パンモドキ科のうちチャッピーに擬態したもの。イヌムシ科とはまったくの別種である。 デメマダラの多くが同種を背中の斑紋で識別する習性を利用してチャッピーの群れに紛れ込んでいる。 昼行性であり、チャッピーが寝ているそばで常に餌を求めて地面をかぎまわっている。 『ピクミン』では身の危険を察すると鳴いてチャッピーを起こすという行動も見られたが、『ピクミン2』以降ではそのような行動はなくなっている。 チャッピー同様背中が弱点であり、ピクミンを背中に向かって投げると一撃で倒すことができる。 『ピクミン』では“小チャッピー”という名前だったが『ピクミン2』では亜種が存在したため、それと区別するために“アカコチャッピー”という名前が付けられていた。 ところが『ピクミン3』になると亜種がいなくなったため再び“コチャッピー”という名前に戻ってしまった。
15,15,ピクミン,紫ピクミン,koppacha,koppacha,むらさきぴくみん,『ピクミン2』で初登場したピクミンの一種。丸くて太い紫色の身体に、赤色の花、そして頭の周りに数本生えた体毛が特徴。 『ピクミン2』では赤ピクミンに続き二番目に出会うことになるピクミンで、 原生生物との戦闘・お宝の運搬それぞれで中核的な活躍ができることから、本作の中心的存在とも言える存在である。 赤・青・黄ピクミンと異なりムラサキポンガシグサでしか増やすことができず、そのムラサキポンガシグサも特定の地下でしか咲かないという、 かなり特異な生態を持っている。移動が遅い代わりに力持ちであり、運搬時は通常のピクミンの10倍の力を発揮できる。 “ジオグラフィック・システム”“スフィア・マップ”“超重ギガンティス”は重さが100を超えるため、 紫ピクミンがいなければ運ぶことができない。 その巨体から想像できるようにかなり重く、投げると着地時に衝撃波を放つ。個体差はあるが小型～中型原生生物はこの衝撃波をまともに受けると数秒ひるむため、その隙に容易に倒すことができる。 このように多方面で飛び抜けた性能を発揮できることから、『ピクミン2』のプレイヤーの間ではしばしばゲームバランスを崩した原因とも言われる。 そのためか、ミッションモードでのみ登場となった次作『ピクミン3』では戦闘面での性能はやや抑えられている。
16,16,原生生物,サライムシ,koppacha,koppacha,さらいむし,小さなテリトリーを常に飛んで巡廻しており、ピクミンを見付けると両手でさらおうとする。 さらわれたピクミンはしばらくすると地面に捨てられ、その衝撃で地面に埋まってしまう。 ピクミンを捕食することはないものの、手間取ると大幅な時間ロスになるというタイプの原生生物はシリーズを通して数多く登場するが、その元祖的存在であると言える。 黄ピクミン、羽ピクミンがいれば容易に対処できる。 『ピクミン3』では隊員をさらうようにもなったため、前作から大きく強化された原生生物であると言える。 ミッションモードにおいても頻繁に登場するが、1匹でもさらわれてしまうと大幅なタイムロスになることから、かなり厄介な生物と言える。 今のところシリーズ皆勤賞である。
17,17,宇宙船パーツ,ノン・ダイオキシン,koppacha,koppacha,のんだいおきしん,『ピクミン』に登場するパーツのひとつ。樹海のヘソを象徴する巨大な水たまりの中心部に置かれており、周辺にはマロガエルやブタドックリなどが徘徊する。 攻撃力の低い青ピクミンでこれらを処理しつつ、40匹以上で運ばなければならない上にドルフィン号から距離もあるため運搬難易度はやや高い。 パーツの重さは“へそくり金庫”、“グルーオンドライブ”に次いで“永久燃料ダイナモ”に並ぶ第三位である。 ドルフィン号が航行の際に排気する有毒物質を変換する装置であり、ホコタテ星の宇宙飛行船には装着が義務づけられている。
18,18,バトルモード,勝利のマカロンリターン,koppacha,koppacha,しょうりのまかろんりたーん,『ピクミン3』のビンゴバトルモードにおいて、陣地に持ち帰るだけで勝利となる特殊なお宝“勝利のマカロン”を取り戻すためのアイテム。 “ヤブレカブレ”を運搬して回すルーレットでのみ出現する。 使うと、“勝利のマカロン”が例え相手ピクミンによって運搬中であっても初期位置まで戻ってくる。 自軍のマカロンはピクミンで運搬できないため、防衛のためにはこのアイテムをルーレットで当てることが必須である。 ビンゴバトルモードの常として、お互いの状況は常に相手にも伝わっているため、 勝利のマカロン運搬中の相手はこちらのスロットを常にチェックし、このアイテムの出現を警戒していることが多い。 そのため、勝利のマカロンを運搬していることを気付かれないようにするという戦術が考えられる。 このアイテムが出たら勝利のマカロンの状況を確認する前に使ってしまうのが無難だが、 寸前まで気付いていないふりをして相手を勝利のマカロンに集中させ、その隙に他のお宝を運んでしまうという手もある。 『ピクミン2』の2Pバトルモードでも自軍のビー玉を取り戻す効果のアイテムが存在したが、正式名称は不明。
19,19,原生生物,ケチャッピー,koppacha,koppacha,けちゃっぴー,“ねむりの谷”“のぞみの大地”の地下にしか生息しない、ベニデメマダラの亜種。 白地に青い斑紋、鼻の部分だけが少し黒ずんでおり、弱点である背中にびっしりと白い体毛を生やしているのが特徴。 辺境の洞窟などの寒冷地に適応するための進化と言われている。 同時にピクミンなど敵生物から弱点を守る役目も担っているはずなのだが、紫ピクミンの衝撃波を受けると簡単に抜け落ちてしまうため、 ガードとしての役割を十分担っているとは言いがたい。そのせいもあってか、重さ・価値等はベニデメマダラとまったく変わらない。 『ピクミン3』では舞台が地上に限定されたこともあり、ケチャッピーが登場することはなかった。
20,20,ピクミン,赤ピクミン,koppacha,koppacha,あかぴくみん,『ピクミン』で登場したピクミンの一種。赤い身体に尖った鼻を持つ。 シリーズを通して最初に出会うピクミンであり、チュートリアルパートで操作される役割を担っている(『ピクミン3』では一部役割を黄ピクミンも担っている)。 第一作で最初に登場したピクミンということもあり、ピクミンの代表的存在である。 ピクミンを示すアイコングラフィックは赤ピクミンをモデルとしていることが多い。 他ピクミンと比べて攻撃力が高いことが最大の特徴である(およそ1.5倍)。 また、熱に耐性があるため、間欠炎、ブタドックリ、カジオコシなど火を扱う仕掛けや原生生物を処理するためには赤ピクミンが不可欠となる。 攻撃力が高いのは尖った鼻があるからだという説明がされることがあるが、 実際には他ピクミンと比べて筋繊維が太いことが直接の要因と言われている。そのせいか、ピクミンの中ではもっとも活発な種であるらしい。 火属性を持つ原生生物に限らず、戦闘面では赤ピクミンがいるのといないのとでは効率に大きな差が出るため、 戦闘の機会が多いステージでは特に重宝される。
21,21,原生生物,ミヤビフタクチ,koppacha,koppacha,みやびふたくち,『ピクミン2』で登場したフタクチドックリ(幼虫)の変種。赤い身体が特徴的である。 フタクチドックリと違って砂鉄を含む岩石を好むため、吐き出す岩には強い磁力を含んでいる。 吐き出された岩はホコタテ星人の宇宙服にある金属に反応してどこまでも追いかけてくる。 この岩はピクミンではどうあがいても壊せないが、 探検キット“ロケットパンチ”(鉄人のコブシ)があれば、ホコタテ星人のパンチで岩を破壊することができる。 また、磁力を利用してミヤビフタクチまで誘導させれば、岩の衝撃を使って一撃で倒すこともできる。 大量のピクミンを連れていると犠牲を出しやすいため、少数精鋭あるいはオリマー単独で立ち向かった方が良い。 希少種なのか、“ねむりの谷”と“のぞみの大地”の地上、“百戦錬磨の穴”4Fと三カ所にしか出現しない。 また、ミヤビフタクチの成虫は未だに確認されていない。
22,22,フルーツ,デコリボッコリ,koppacha,koppacha,でこりぼっこり,『ピクミン3』に登場する蜜柑の一種。蜜柑のうちシラヌヒという品種はデコリボッコリのように果梗部が盛り上がっており、 “デコポン”という名称はそのうち糖度の高いものを厳選した商品名を言う。デコリボッコリという名はそこに由来するものと思われる。 本編では2つ存在し、いずれもオニヨン付近にある壁の向こうに半分埋まった状態で存在する。 “ツラノカワ”と比べてもそれほど大きさに差はないが、運搬必要数は10と見た目以上に重く、取得できる果汁量も2倍に近い。 “始まりの森”ではペロチャッピーのテリトリーに存在するため、ペロチャッピーを倒さなければ運ぶことができない。
23,23,ミッションモード,原生の杜（お宝をあつめろ！）,koppacha,koppacha,げんせいのもり,"『ピクミン3』のミッションモードにおいて、最初から遊べるステージのひとつ。 同作品のミッションモードで唯一アルフしか操作できない小さなステージであり、ミッションモード入門ステージと位置付けられる。 強力な原生生物は存在せずマップ構造も単純であるが、カケ橋、キンカイ、土壁などミッションモードの基本的な仕掛けが凝縮されており、 やり込むほどにミッションモードの奥深さを知ることができる。 制限時間は7分、プラチナボーダースコアは2,110点であり、操作できるピクミンは赤ピクミン・岩ピクミンのみと限られている。 役割分担ができないため、岩ピクミンでしか処理できないスイショウや、赤ピクミンでしか処理できないカジオコシをどのように突破するか、 そして重い運搬物の運搬ルートを大幅に短縮できるカケ橋をいつかけるかがタイム短縮の鍵となる。 銅メダル以上でクリアすると“白銀の泉”が出現する。"
24,24,アイテム・仕掛け,バクダン岩,koppacha,koppacha,ばくだんいわ,この世界の随所に存在する、高エネルギーを蓄えた小さな岩。シリーズを通して登場するがその仕様は大きく異なる。 『ピクミン』では黄ピクミンしか扱えず、『ピクミン2』では原生生物のサクレウラメとサクレショイグモしか扱えず、『ピクミン3』では全色ピクミンが扱えるようになっている。 『ピクミン』『ピクミン3』では障害物を強引に突破し、素早くステージを攻略するためのキーアイテムと言えるが、 『ピクミン2』では原生生物しか取り扱えないこともあって、プレイヤーにとっては驚異でしかない。 バクダン岩は叩いたり、落下させたりといった衝撃を与えることで大爆発を引き起こす。 その威力値はゲーム中でも最高峰であり、この爆発に巻き込まれた生物は、ピクミンはもちろんアカチャッピーでさえも一撃で倒れてしまう。 ただし捕食動作を行わないダマグモなどに対してはあまり効果的ではない。鉄筋のカベ(岩のカベ)はバクダン岩を使わないと突破することができない。 また、ガラスのカベ、土のカベなどピクミンが叩いて壊す障害物に対しても有効である。 『ピクミン』ではバクダン岩持ちピクミンを投げると一旦フリーになり、その状態で呼ぶことでバクダン岩を発動させていたが、 『ピクミン3』では投げて着地した時点でカウントダウンが始まるため、取り扱いには注意が必要である。 なお、『ピクミン2』では本編やチャレンジモードでは直接扱えないが、2Pバトルモードの“からくちコース”でのみ、 オリマー・ルーイがバクダン岩を取り扱うことができる。
25,25,ピクミン,青ピクミン,koppacha,koppacha,あおぴくみん,『ピクミン』で登場したピクミンの一種。青い身体に三角形のような形をしている口を持つ。 ゲーム中では確認できないが、口元の周りのほほの部分にはエラがあり、 口とエラを使うことでピクミン科で唯一水中呼吸を実現している。なお、ピクミンは捕食活動を行わないため食事のためには口は使われない。 シリーズを通して一番最後に仲間になるピクミンである。 ステージによっては水の占める割合が多く、青ピクミンがいなければ回収作業を進められない場合があるため、 それらを早い日数で回収するためには青ピクミンをなるべく早く仲間に加える必要がある。 この傾向は『ピクミン3』でもっとも顕著であり、ピクミンシリーズにパズル的なテイストを加える重要な役割を担っている。 戦闘が苦手であるという特性を持ち、『ピクミン』『ピクミン2』では最弱攻撃力という設定になっている。 多くの場合水棲生物は青ピクミンのみで戦うことになり、赤・紫ピクミンなどの力を借りることができないため、 概ね陸上よりも水中の方が体感難易度は高い。水中の城はその極端な例である。 『ピクミン3』では攻撃力は黄ピクミンと同等になったため、若干パワーアップしたとも言える。
26,26,世界観,無人探査機スパロウ,koppacha,koppacha,むじんたんさきすぱろう,"『ピクミン3』に登場。食糧危機に瀕するコッパイ星人が、食料源となるような惑星を探すために作ったロケットの一種である。 279,000光年離れたPNF-404の発見に成功していることから、その高性能ぶりが窺える。 アルフがPNF-404に不時着したとき、「ワープドライブ・キーがないと帰れない」と言っていることから、 スパロウにもワープ航法を可能にするワープドライブ・キーを搭載していることが推測される。 ミッションモード“お宝をあつめろ！”にて、スタート地点で回収物を収集している“ポッド”に極めて近い外形をしており、 これがスパロウであるという可能性もある。 『ピクミン2』に登場したドルフィン初号機にも似たような機能を有しているパーツが存在するため、 コッパイ星人とホコタテ星人は惑星探査の分野においてお互いに協力関係にあるのかもしれない。"
27,27,原生生物,ゾウノアシ,koppacha,koppacha,ぞうのあし,『ピクミン2』で登場したダマグモの近縁種。濃い紫色の身体に、肥大化したコアと足を持つ。 ケイ素の外殻に軟質重金属の内蔵など、同作品の中でも特異な性質を持つダマグモ科の中でも最も大きい種である。 『ピクミン2』までに登場するダマグモ科で唯一体毛を持っているため、次作で登場したケダマグモに比較的近い種であると推測される。 本編では同作品で最も深い地下“百戦錬磨の穴”の15Fにのみ出現し、倒すと“オヤジのおもいで”を出す。 足が非常に大きいため踏みつぶされやすいが、弱点も大きいためダメージは与えやすい。 100匹を連れての無犠牲討伐は至難の業だが、少数精鋭の赤ピクミンで戦うと容易に倒すことができる。 チャレンジモードでは15番目のステージ“大足の穴”に出現するため、 本編挑戦前にこちらで練習するのも良い。 また、2Pバトルモード“カクカクコース”でも3回に1回程度の割合で出現する。 このゾウノアシはコア部分をタマゴムシに寄生されており、倒すとおぞましいほど大量に出現するタマゴムシを見ることができる。
28,28,お宝,あいとゆうきリアクター,koppacha,koppacha,あいとゆうきりあくたー,『ピクミン2』に登場するお宝のひとつ。 松下電池工業(現・パナソニック)が1970年代に発売していた単一マンガン乾電池『National Hi-Top C8501』と推測される。 オリマーたちの不時着地点に落ちており、全201種の中でも最初に回収することになるお宝である。 ほとんどが100ポコ前後の価値であるお宝の中では比較的高価な部類である。 お宝名の“あいとゆうき”は、果てないお宝探しの冒険の幕開けを飾ることになったお宝に対して、 希望の思いを込めてオリマーが名付けたものである。 そのため、名前の由来としては『ピクミン』でメインエンジンを回収して行けるようになるステージ“希望の森”とルーツが同じであると言える。 なお、チャレンジモードには出現しない。
29,29,世界観,惑星PNF-404,koppacha,koppacha,わくせいぴーえぬえふよんまるよん,ピクミンシリーズにおいて、ゲームの舞台となる場所であり、ピクミンなどの生物圏を形成している惑星である。 『ピクミン』『ピクミン2』のエンディング、『ピクミン3』のオープニングで確認される惑星の外形からモデルは地球と推測されている。 PNF-404とはコッパイ星人によって付けられた通称である。『大乱闘スマッシュブラザーズX』では“あの星”という名前でステージとして登場する。 『ピクミン』で休暇を取って宇宙旅行をしていたオリマーが不時着したことがきっかけで発見され、 後に食料を貪欲に探すコッパイ星人らによっても発見されることになる。 コッパイ星からは27万9000光年(約26垓3954兆km)離れており、コッパイ星とその近隣惑星であるホコタテ星からはワープ航法を用いなければ到達できない。 コッパイ星人やホコタテ星人にとっては有毒ガスである酸素を大気に多く含んでいるため、探査には宇宙服が必須となる。大地のエキス及びその結晶体であるペレット、またはピクミン科全般を生産者とし、それらに強く依存した奇怪な生態系が形成されている。 地下世界や石の壁、電線など明らかに生態系にはそぐわないものが存在したり、 ポンガシグサ、ミズモチ、アメボウズ、ツユハライ科全般等、食物連鎖に関わらないような特異な生物が数多く活動している。 地下世界に数多く落ちている“お宝”は、この惑星に文明があることの証明であるが、文明を持つ生物は未だに確認されない。 実質的にデメマダラが地上を広く支配していたが、しばしば異星人によるリーダーシップによってピクミン科も猛威を振るっており、 その結果、ごく短期間で生態系の多くが退化・進化を繰り返している。
30,30,ピクミン,白ピクミン,koppacha,koppacha,しろぴくみん,『ピクミン2』で初登場したピクミンの一種。『ピクミン3』では本編には登場せず、ミッションモードの一部でのみ扱うことができる。 標準的なピクミンよりも一回り小さい身体に、発達した赤い目を持つ。花弁は紫ピクミンと同じ赤紫色。 小さいためか非常にすばしこく、移動速度が速い。そのため、時間短縮が重要な意味を持つピクミンシリーズにおいては、 運搬作業を素早く処理するためにとても重宝される。 また、『ピクミン2』ではピクミンで唯一完全に埋まったお宝を見つけ出す能力を持っている。 隊列に加わっていれば、命令を下さなくても埋まっているお宝の下を通ることで自動的に察知して掘り始める。 『ピクミン3』では完全に埋まったものは登場しなかったため、その能力は消えることとなったが、 移動速度に関しては他ピクミンとの性能差がさらに顕著になっており、特にカケラ、キンカイを運ぶ際にその真価を発揮する。 また、白ピクミンは毒を持っており、原生生物に食べられても毒によってダメージを与えることができる。 毒のダメージはさまざまであるが、概してデメマダラ科はこの毒に弱い傾向にあり、『ピクミン2』のベニデメマダラとその近縁種は大型の原生生物であるにも関わらず、 白ピクミン1匹分の毒で致死量に至る。逆に、ヘビガラス科は比較的毒に耐性を持っているらしく、アカヘビガラスは白ピクミン11匹分までの毒に耐える。 『ピクミン3』でもこの能力は健在だが、チャッピーなどの毒耐性が強くなっていること、白ピクミン自体が運搬に非常に重宝する存在であることから、 敢えて食べさせる意味は薄くなった。
31,31,お宝,天下一ブサイク,koppacha,koppacha,てんかいちぶさいく,『ピクミン2』に登場するお宝のひとつ。 水に浮くあひるのおもちゃであり、まばゆい黄色のボディーが落ちている場所の中でも異質な雰囲気を醸し出している。 首だけの“超存在”とは価値が10ポコしか変わらないにもかかわらず、 こちらはサクレショイグモ、テンテンチャッピーなどが住む“シャワールーム”のほぼ最深部に落ちており、回収難易度はこちらの方が高い。 『ピクミン3』では回収対象物としては登場しないが、同じ姿形をした“アヒルちゃん”が登場し、たまにマップ選択画面で浮遊しているのを見ることができる。 アヒルちゃんはチャーリーの愛玩であるらしく、惑星探査の際にも肌身離さず持ち歩いているらしいが、 ルーイ救出後の翌日にルーイによって盗まれてしまう。 他の金品類を盗まずに“アヒルちゃん”とフルーツのみを盗んでいるところを見ると、 天下一ブサイクはルーイにとってもよっぽどの価値があるらしい。
32,32,その他回収物,いにしえのパケシス,koppacha,koppacha,いにしえのぱけしす,『ピクミン3』に登場するキーアイテムのひとつ。回収すると“迷いの雪原”に行くことができるようになる。 モデルはNTT docomoが1995年08月に発売した2G対応スレート型携帯電話『move PIV』と推測される。型番はMAA23A。 携帯電話がショルダー型ではなく、ポケットに入れられるコンパクトな端末としてリリースされるようになってから間もない頃のモデルである。 ストーリーモードでは唯一“再開の花園”にのみ存在し、ヨロヒイモムカデが飲み込んでしまっているため、 ヨロヒイモムカデを倒さなければ回収することができない。 アルフたちが発見した際はまだ壊れていなかったらしく、 アルフが回収後、通信用のパーツをドレイク号のマッピング機能に組み込むことで探査範囲の拡大に成功する。 いにしえのパケシスが分解後どうなったのかは不明である。
33,33,原生生物,トロロタラシ,koppacha,koppacha,とろろたらし,『ピクミン3』で登場した原生生物。クラゲのような半透明の身体と綿毛のついた頭部を持ち、常に空中を浮いている。 オオマンマン、コマンマンの近縁種と思われるが関連性については不明。 障害物が接近するとトロロと呼ばれる器官を体内から落下させ、障害物を絡み取って取り込もうとする。 ピクミンのみならずフルーツやペレットも取り込むことができ、最大容量はピクミン15匹分、フルーツ1個分、1ペレット5つ分に相当する。 捕食のためにピクミンを取り込んでいるわけではないらしく、オオマンマンなどと違って取り込まれたピクミンが死ぬことはない。 ストーリーモードでは“再開の花園”の洞窟内で出会い、倒すと中に取り込まれていた岩ピクミンを仲間にすることができる。 攻撃を受けると頻繁に振り払いをするため、捕食されないとはいえ見た目よりもダメージを与えにくく厄介な原生生物である。 岩ピクミンの打撃に弱く、岩ピクミンをすばやく10匹投げるとちょうど体力を削りきることができる。
34,34,アイテム・仕掛け,土のカベ,koppacha,koppacha,つちのかべ,ピクミンシリーズに登場する仕掛けの中でも、もっともオーソドックスな仕掛けのひとつ。 探査エリアの随所で行く手を阻んでおり、これを破壊することで探索範囲を拡大したり、 運搬ルートを短縮したりできる。 土のカベはバクダン岩を持たないピクミンであればどの色でも破壊することができ、 作業数が多いほど早く破壊することができる。ピクミンシリーズのゲーム性を支える重要な仕掛けである。 土のカベの耐久度は設置されている場所によってまちまちであり、大抵は重要な場所になるほどカベは硬くなる。 『ピクミン』『ピクミン2』では白い土のカベと黒い土のカベの二種類が存在し、 黒い土のカベの方が硬いという傾向を持っている。 極端な例として、“コンクリート迷路”の土のカベは白ピクミンの打撃1回で破壊できる。 『ピクミン3』ではデザインが一新され、耐久度にかかわらず白いタイプに統一されることになった。 また、『ピクミン3』の赤ピクミンのみ、この仕掛けの破壊速度が早いという特性が加わっている。 一方、岩ピクミンも破壊作業に参加できるが、突撃でしか作業できないためやや効率は悪い。 バクダン岩を使うと大抵1つで破壊することができる。このカベの存在はピクミンのみならず多くの原生生物にとっても活動範囲を縮小させる要因になっており、 未だに誰が何のために作っているのかは不明である。ボスの住処を守るように設置されていることが多いことから、 その縄張りのボスとなる存在が作っている可能性もあるが、推測の域を出ていない。
35,35,ピクミン,コッパチャッピー,koppacha,koppacha,こっぱちゃっぴー,『ピクミン2』で初登場したピクミンの一種。 ヤドリピクミンがデメマダラに寄生した姿のうち、単独で捕食活動を行わない個体を指す。 リーダーであるハチャッピーを倒して混乱しているところを笛で呼ぶと、隊列に加えることができる。 地上には一切登場せず、本編では地下世界である“辺境の洞窟”(3F、6F)、“水中の城”(1F～4F)、“百戦錬磨の穴”(8F)にしか出現しない。 チャレンジモードでは“グリーンホール”(1F)、“ひみつの花園”(1F)の2ステージで登場する。 また、ハチャッピー1匹につき通常10匹のコッパチャッピーが付いているが、 隊列のピクミンと合わせて100匹を超える場合は、超過した分は出現しない。 水、炎、電気、毒すべての属性攻撃に対する耐性を持っているため、ピクミンの中でも非常に扱いやすく、 作中では主に高難易度の地下における救済措置として登場している。 間欠泉に乗ることはできず、地上に連れて帰ることはできないが、ポンガシグサなどで他のピクミンに変換することで間欠泉に乗ることができるようになる。コッパチャッピーは単独での捕食活動を行わず、 ハチャッピーなどリーダーとなる存在に依存することで外敵から身を守っている。 ハチャッピー以外のリーダーにも付き従うが、 コッパチャッピー自身はオニヨンを持たず、本来運搬などをする必要が無いため、 何故他のピクミンと同じように行動するようになるのかは不明である。 また、コッパチャッピーはデメマダラの幼生であるベビーチャッピーよりも小さいにもかかわらず、 すでに斑紋などが現れており、その成長過程にもデメマダラ科としては不可解な点が多い。 ヤドリピクミンには宿主を突然変異させるホルモンを分泌する能力があるのかもしれない。
36,36,お宝,栄光の石,koppacha,koppacha,えいこうのいし,『ピクミン2』に登場するお宝のひとつ。 ファミリーコンピュータの十字ボタンである。 十字ボタンは左側に配置された上下左右4方向を入力できるキーで、 1982年にゲーム＆ウオッチ・マルチスクリーンシリーズに 当時アーケードで人気が高かった『ドンキーコング』を移植する際、横井軍平が考案したものである。 それまでのゲーム＆ウオッチシリーズでは本体左右にひとつずつゴム製のボタンを配置するものが主流だったが、 この十字ボタンの登場によってさらに多彩なゲーム性を実現できることとなった。 この外形はWii Uまでに至る任天堂発売のハードのほぼすべてで採用されたばかりでなく、 他社製ゲーム機にも類似したものが採用されており、今やゲームコンローラーのスタンダードとなっている。作中では通常二番目に入ることになる“けだものの穴”の1Fに落ちている。 フロアでピクミンを捕食する原生生物はウジンコ♂だけであり、 注意を怠らなければ無犠牲で素早く回収することも難しくはない。
37,37,お宝,勝負石,koppacha,koppacha,しょうぶいし,『ピクミン2』に登場するお宝のひとつ。麻雀における麻雀牌の一種、“七筒 (チーピン)”である。 七筒は中張牌のひとつに数えられ、タンヤオ、ピンフを初めとする一飜役の多くに用いることができるため、 低めの役による複合で高得点を狙える可能性を秘める重要な牌である。 早めに和了する際にもピンフの構成牌として使える有用性がある一方、 他家も近辺の牌を集めている場合が多いため、 局の終盤になって闇雲に七筒を打牌すると振り込んでしまう可能性も(五筒ほどではないが)高い。 多くの役割を担うことのできる柔軟性を持つ一方、いざという時に扱いに困る牌であると言える。作中で登場する“けだものの穴”2Fはお宝の位置が固定されており、 “勝負石”は必ずほこらのような場所に隠れるように落ちている。 この時点では“おたからセンサープロトタイプ”はまだ回収していない場合が多く、 お宝センサーに頼ることができないため、うっかり見逃してしまわないように注意したい。
38,38,原生生物,オタマ,koppacha,koppacha,おたま,『ピクミン』で登場した原生生物。地味だが数少ないシリーズ皆勤賞の持ち主。 イモガエルの幼生であり、普段は湖などの目立たない場所でひっそりと生活している。 攻撃行動を取れないため天敵が多く、青ピクミンもそのうちの一種である。 非常に臆病であり、飛び跳ねて逃げるうちに陸に上がってしまうこともある。 陸に上がるとピチピチと跳ねて水場に戻ろうとする。 イモガエルのジャンプ行動は、オタマを天敵から近づけさせないための威嚇であると言われている。
39,39,フィールド,始まりの森,koppacha,koppacha,はじまりのもり,『ピクミン3』において、アルフが不時着するエリア。1日目の後半にプレイすることになるエリアであり、 この場所で赤ピクミンと出会うところからゲームが本格的に始まっていく。 “始まりの森”という名前はアルフが付けたものと推測される。 亜熱帯気候の自然に富んだエリアであり、水棲生物も含めてあらゆる原生生物が活動している。 ここにしか登場しない原生生物・フルーツも多く、カクレバの数も11カ所と全エリアで最も多い。このエリアはいくつもの小さなエリアが複合したような外形となっており、巨大生物のみならず、 チャッピー、トビカブリ、トロロタラシなど中型原生生物も固有の縄張りを持ち住み着いている。地上に落ちている回収物は18個と、今のところシリーズ最多である。 中でも“カワスベール”、“シリソックリ”、“ヒトタマデラマンプク”はここにしか存在しない。 しばしば肉食系の鳥とも推測される鳴き声が聞こえるが、姿を現すことはない。 まどいの水源同様、ヒグラシなどの昆虫類も活発に活動しているようである。 ミッションモードでは“続・始まりの森”として、中央部分がアレンジされたステージを遊ぶことができる。ストーリーモードではGPAD回収、折れたパケシス回収、フルーツ回収と最低三回訪れる必要がある。
40,40,ピクミン,キノコピクミン,koppacha,koppacha,きのこぴくみん,『ピクミン』にのみ登場するピクミンの一種。 厳密には生物名ではなく、 赤・青・黄ピクミンのいずれかがボケナメコの胞子を浴びたときの状態を指す俗称である。 キノコピクミンになると花弁がキノコの傘のように変形し、身体全体が赤紫色を帯びるようになる。 キノコピクミンは一種の状態異常であり、通常のピクミンが行う運搬などの習性は見られず、 それどころか正常のピクミンやオリマーを敵と見なして襲ってくる。 正常のピクミンもキノコピクミンを敵と見ており、襲われると反撃する。 通常はどちらかが死ぬまで攻撃は止まない。 ボケナメコを倒すと正常化するため、 キノコピクミンはボケナメコの胞子によって操られていた状態であると推測することができる。
41,41,原生生物,ブタドックリ,koppacha,koppacha,ぶたどっくり,『ピクミン』で登場した原生生物。シリーズ皆勤。口吻から空気中で発火するリン化合物を吐き出して威嚇する。 この液体は体内での生成プロセスが複雑であるため、死骸が発火するといったことはないらしい。 基本的に火を吹くのみで捕食はしないため、火に強い赤ピクミンであれば放っておいても倒すことができ、 運搬必要数以上であれば自動で運搬してくれる。逆に、運搬して欲しくない場合は必要数以下で戦わせれば良い。 ただし、ブタドックリは攻撃を受けるとピクミンを前方に強く振り払うため、 ブタドックリの正面に水や他の原生生物など、 赤ピクミンにとって驚異となるものがあると自動処理はうまくいかないため、注意が必要である。 ブタドックリ科の食性が共通であることを仮定すると、 細長い口吻を地面に伸ばして草や虫を食べる雑食性動物であると考えられるが、 作中ではひたすらピクミンに威嚇するのみであり、食事行動などは見ることができない。 『ピクミン3』において若干重さが変わっている。
42,42,宇宙船パーツ,バウスプリット,koppacha,koppacha,ばうすぷりっと,『ピクミン』に登場するパーツのひとつ。 大水源のほぼ中央部を住処とするフタクチドックリ (成虫)が隠し持っている。 同じくフタクチドックリの住処にある放射線キャノピーと違ってフタクチドックリ自身がパーツを持っているため、 こちらは戦闘を避けることができない。 また、回収ルート上にもあらゆる仕掛けやクマチャッピーなどの原生生物が多く活動しているため、 大水源の中でも比較的回収は難しい部類に属する。 バウスプリットとは本来大型帆船の船首に突き出すように取り付けられる棒状のものを言うが、 この場合はドルフィン号の船首部分のパーツであることを示している。 バウスプリットの設計者はオリマー自身であり、 このことからオリマーがドルフィン号に並々ならぬ愛情を注いでいることがうかがい知れる。
43,43,お宝/フルーツ,ツラノカワ,koppacha,koppacha,つらのかわ,『ピクミン2』で初登場したお宝のひとつ。 楕円形でくぼみが見られることから、 オレンジではなくマンダリンオレンジの近縁種であるウンシュウミカンであると推測される。 『ピクミン2』では“始まりの洞窟”1Fに“かわきのエンブレム”と並んで落ちている。 ユキチャッピーが生息しているが倒すのは難しくなく、フロアマップも小さいため回収は容易である。 “かわきのエンブレム”かこのツラノカワがプレイヤーが最初に地下で回収することになるお宝になるだろう。 “始まりの洞窟”では最もピクミンを必要とするお宝であるため、 “始まりの洞窟”で全回収を前提として潜る場合、 回収必要数下限である15匹は必ず連れていかなければならない (二周目に回収するなどの事情ですでに紫ピクミンがいる場合はこの限りでない)。『ピクミン3』にも回収対象物として4カ所に登場する。 かなり軽くなっており、そのステータスは“トキメキノミ”とまったく同じである。 ストーリーモードでは青ピクミンがいないと回収できない位置に置かれていることが多く、 埋まっているものも存在する。 ミッションモードでは“トキメキノミ”が頻繁に登場するのに対して、 ツラノカワはそれほど頻繁には登場しない。
44,44,原生生物,ヨロヒイモムカデ,koppacha,koppacha,よろひいもむかで,『ピクミン3』で登場した巨大生物の一種。 名称に“ヨロヒ”と付くがヘラクレスオオヨロヒグモとの関連性は見当たらない。 “再開の花園”の巨大な山を掘り出して作ったと思われるヨコ穴を住処としている。 住処に入ってきた生物を背後から近付いてキバで身動きを止め、長い舌を使って捕食しようとする。 全身をスイショウで覆われているため、 岩ピクミンの打撃でこのスイショウを壊さなければ一切のダメージを与えることができない。 ただし、スイショウの下にある皮膚は全身が柔らかく打撃に弱い。 スイショウを破壊されると必ずカベにしばらく張り付く行動を取るので、 まず尻尾のスイショウを破壊してから、 静止状態を狙って赤ピクミンを突撃させることで大ダメージを与えることができる。ストーリーモードでは“いにしえのパケシス”を飲み込んでいたため、 体内から発信されていた電波の発信源を頼りに探索していたコッパイ星人と対峙することになる。 ヨロヒイモムカデを倒すと“いにしえのパケシス”の他に“イカツタツボックリ”を吐き出す。
45,45,ピクミン,オニヨン,koppacha,koppacha,おによん,ピクミンの母体となる生物である。タマネギのような球状の本体に、大きな花と収納可能な三脚を持っている。 オニヨンという名前は、ホコタテ星に存在する野菜“オニヨンタマネギ”に似ていることに由来する。 光合成をする植物であり、光のない場所では活動停止状態になる。オニヨンは朝が来ると地上に降り立ち、三脚で自立して獲物となるものを吸い込む準備をする。 ピクミンがオニヨン本体の真下に獲物となるペレットや原生生物を運ぶことでオニヨンがそれを吸い込み、 ピクミンの種として還元する。 また、夜になると凶暴化する原生生物の脅威から逃れるために空中に避難する。 頭部の花の部分は種を出す機能を持つとともにプロペラの機能も持ち合わせており、 これを回すことで空中に浮かぶことができる。ピクミンはオニヨンとセットで初めて生物としての活動が成り立つ動物であり、 オニヨンがなくては生きていくことができない。 ただし、地下においては必ずしもそうであるとは限らず、 白ピクミン、紫ピクミン、ヤドリピクミンに関しては未だにオニヨンの存在が確認されていない。 　『ピクミン3』では大幅にデザインが変更され、 オニヨン同士が合体し、中に複数色のピクミンが共同で生活できるようになった。 また、『ピクミン』のエンディングでは、現在確認されているピクミン以外の色のオニヨンが多数見られ、 PNF-404にはまだ見ぬピクミンが多数存在することが推測されている。
46,46,その他,ピクミンパズルカードe+,koppacha,koppacha,ぴくみんぱずるかーどいー,『ピクミン2』に対応するコレクションカード商品群。 2004年04月29日に第一弾が、同年07月29日に第二弾が発売された。 1パック5枚入り200円(税込)で赤・青・黄パックそれぞれ4種類のパックが存在し、 パックの中身はランダムではなく常に同一のものになっている。 通常カード全60種に加え、《オリマー》《ルーイ》《社長》 《コガネモチ》《ツブラメケメクジ》《ショイグモ》《オタマ》 《ポンガシグサ》《ムラサキポンガシグサ》《シロポンガシグサ》《ポポガシグサ》《10ペレット草》 の12種類の限定カードが存在する。限定カードはいずれも雑誌付録等で入手できる非売品である。カードは各種原生生物の詳しいプロフィールが記載され、 カードを揃えることで『ピクミン2』を起動しなくても生物図鑑に書かれている内容を確認することができる。 文章は概ねゲーム内の“オリマーメモ”と同一であるが、一部カード独自の文章が書かれているものも存在する。 カードeリーダー+に対応しており、『ピクミン2』のデータを読み込んだゲームボーイアドバンス本体にコードを読み込ませると、 “ひっこぬきピクミン”(赤パック)、“つなげてピクミン”(青パック)、 “てくてくピクミン”(黄パック)といった、ピクミンにちなんだ三種類のパズルゲームを遊ぶことができる。 パズルの難易度はカード右下のパズル番号が大きくなるほど高くなっていく。 一枚のカードで遊べるゲームは通常一種類だが、限定カードの中には三種類すべてのゲームが遊べるカードも存在する。アメノツユクサを除く植物以外のすべての原生生物がカード化されている。 カードには整理番号が振られおり、No.57は欠番でありNo.46が二種類、No.00が三種類ある。整理番号の振られていないカードも三種類ある。 また、No.04《アカコチャッピー》のオリマーメモにはアカチャッピーを“オオベニデメマダラ”と記載した誤植がある。 整理番号上の最後の原生生物はNo.66《ミヤビフタクチ》となっている。 現在は通常カードのすべてが販売終了していることもあり、72種類すべてのコンプリートは難しい。
47,47,お宝,コズミック・アーカイブ,koppacha,koppacha,こずみっくあーかいぶ,『ピクミン2』に登場するお宝のひとつ。 任天堂が1986年に発売したディスクシステムのディスクカード(黄色)であり、 タイトルラベルには“謎の村雨城”と書かれている。 『謎の村雨城』は1986年04月14日に発売されたディスクシステム専用タイトルであり、 ファーストパーティのタイトルとしては、本体同時発売の『ゼルダの伝説』に少し遅れる形で登場した2本目のタイトルである。 プレイヤーは金色に輝く謎の物体を解き明かすために派遣された剣士・鷹丸を操作して村雨城への潜入を目指す。 『ゼルダの伝説』と同じく俯瞰視点タイプの画面切り替え型アクションゲームであり、 あちらがアイテムによる強化などが豊富なアドベンチャー志向の強いゲームであるのに対して、 こちらは比較的アクション要素が重視されたゲームである。 なお、ラストボスが金色の物体であり“謎の生命体”と呼ばれているという設定は『ピクミン3』と共通している。『ピクミン2』の作中では“けだものの穴”2Fの最奥に落ちている。同フロアに落ちている“勝負石”と違って隠れているわけではないが、 必ず運搬ルートに間欠炎があるため赤ピクミンのみで運搬した方が良い。
48,48,原生生物,エレキムシ,koppacha,koppacha,えれきむし,『ピクミン2』にのみ登場する原生生物。地上には登場せず、地下にのみ生息する。 雑食か草食であるかは不明であるが、ピクミンを捕食しないことから、より小さい昆虫類やコケ類を食べているものと思われる。 また、通常の捕食活動で蓄積するグルコースの他に、 体毛の摩擦と筋肉によって作り出した電気もエネルギー源にすることができる珍しい昆虫である。 蓄電した電気は臨界時に他の個体に渡すことでお互いに効率良くエネルギーを確保しているようだ。 そのため、エレキムシは群れで見かけることが多い。エレキムシの甲羅は強固にできておりピクミンはダメージを与えることができないが、 背中に当てることでひっくり返すことができ、ひっくり返っている間にお腹にダメージを与えることができる。 放電中でなければ黄ピクミン以外でもひっくり返すことができる。 ピクミンを捕食しない上に、二体以上が一定距離内にいないと放電することはないため、 黄ピクミンしか連れていない場合やエレキムシが単独で行動している場合は無理に倒す必要はない。
49,49,原生生物,クイーンチャッピー,koppacha,koppacha,くいーんちゃっぴー,『ピクミン2』に登場する原生生物。 “けだものの穴”(5F)、“辺境の洞窟”(8F)、“百戦錬磨の穴”(11F)、チャレンジモード“デメマダラの巣窟”(4F)に出現する。 作中のボスとしては唯一複数回地下の最深部に登場する原生生物である。 デメマダラはその生息領域の中でもっとも大きいメスを中心とする社会を形成する性質があり、 中心となるメスは卵嚢が肥大化してベビーチャッピーを大量に生むことができるようになる。 この状態のデメマダラがクイーンチャッピーであり、いわばデメマダラの発生源である。 デメマダラ自体は巣を作る習性もなく地上に広く分布している生物だが、クイーンチャッピーは今のところ地上での生息は確認されていない。“けだものの穴”のクイーンチャッピーはベビーチャッピーを生まずただ転がるだけであるが、 その他のクイーンチャッピーは常にベビーチャッピーを産み落としているため、 背後から戦おうとすると生まれたてのベビーチャッピーとも戦わなければならなくなる。 ただし、クイーンチャッピーの転がり攻撃はたいていの場合ベビーチャッピーを巻き込んでしまうため、正面から戦えばベビーチャッピーを気にする必要はない。
50,50,ピクミン,ポンガシグサ,koppacha,koppacha,ぽんがしぐさ,『ピクミン』で登場した原生生物。名前の由来は米菓子の一種であるポン菓子と思われる。 肉厚の葉を持った食虫植物の一種であり、 葉の中心にピクミンを投げ込むとピクミンを葉の色に応じた色のピクミンに変色させ、 タネとして吐き出す性質を持っている。 『ピクミン』ではベニポンガシグサ(赤)、ルリポンガシグサ(青)、キイロポンガシグサ(黄)が登場し、 『ピクミン2』ではそれに加えてムラサキポンガシグサ(紫)、シロポンガシグサ(白)が登場した。 『ピクミン3』においてもそれぞれ岩ピクミン、羽ピクミンに対応した黒色と桃色のポンガシグサが登場したが、 それぞれ固有の名称は付けられておらず、単に“ポンガシグサ”と呼ぶ。ゲームでは、主にピクミンを増やしにくいエリアにて隊列における各色のバランスを調整するために利用される。 その性質は微妙に異なり、変換できる数の上限は『ピクミン』では50匹、『ピクミン2』のムラサキポンガシグサとシロポンガシグサは5匹、 それ以外のポンガシグサは10匹となっている。『ピクミン3』では色にかかわらず5匹に統一された。 『ピクミン』『ピクミン3』ではラストボスと戦うエリアに全色分のポンガシグサが咲いている場所がある。 また、『ピクミン2』では地下にしか咲いておらず、特にキイロポンガシグサは“食神の台所”3Fにしか存在しない。その生物的特徴は奇怪な生物の多いPNF-404の生態系の中でも特に異質なものであり、 未だに何故ピクミンを花の色に変換するのか、あるいはどのようにして変換するのかといったことは解明されていない。 紫ピクミンなど一部の種はポンガシグサがなければ繁栄していけないため、ポンガシグサに依存した生態を持っていると言える。 ピクミンの発生源であるという説や、ピクミン科の亜種であるという説もあるが、真相は明らかになっていない。
51,51,お宝,機械じかけの夢,koppacha,koppacha,きかいじかけのゆめ,『ピクミン2』に登場するお宝のひとつ。 任天堂が1980年04月28日に発売した“ゲーム＆ウオッチ”シリーズの第一作『BALL』(型番AC-01)であり、 ニンテンドー3DSまでに至る任天堂携帯ゲーム機の原点とも言える作品である。 当時、ウルトラハンドのヒットを受けて開発部に所属していた横井軍平が、 新幹線の中で退屈そうに電卓をいじっているサラリーマンを見て、 「電卓サイズの小さなゲーム機を作れないか」と山内溥社長に何気なく話したことが商品開発のきっかけと言われる。『BALL』は2つのボタンでキャラクターの手を動かしてお手玉をする簡単なミニゲームである。 GAME Aはボール2つ、GAME Bはボール3つをお手玉し、その連続成功回数がハイスコアとして記録される。 後にゲーム＆ウオッチシリーズの常識となる「3ミス制」も『BALL』にはなく、 一度ミスすると即座にゲームオーバーというシビアなルールである。 後に発売された『MANHOLE』(MH-06)以降3作の“ゴールドシリーズ”と区別するために、 『BALL』『VERMIN』『FLAGMAN』『FIRE』『JUDGE』の最初期5作品を総称して“シルバーシリーズ”と呼ぶことがある。 三十周年の2010年春には、2009年度クラブニンテンドープラチナ会員特典として復刻版が製作された。『ピクミン2』においては“けだものの穴”4Fを住処とするアカチャッピーが隠し持っている。 アカチャッピーを倒してしまえば通常問題なく運搬できるが、タマゴムシの出現ポイントや間欠炎が運搬ルート周辺にあることも多いため、注意したい。 チャレンジモードでは“コレクタールーム”7Fと“秘密兵器実験場”1Fに登場する。 また、『ピクミン3』には、ミッションモードに“機械仕掛けのブルース”という名前の似たステージが存在する。
52,52,チャレンジモード,こてしらべの洞窟,koppacha,koppacha,こてしらべのどうくつ,"『ピクミン2』チャレンジモードにおいて、初めから遊べるステージのひとつ。 ステージタイトルにあるようにチャレンジモードの入門的位置付けにあるステージであり、1Fには原生生物が一切存在しない。 チャレンジモードにおいて頻繁に登場するお宝“あのカギ”“知られざる功”“レアメタルS”“レアメタルG”がすべて登場するため、 チャレンジモードの基本ルールに慣れつつ、その雰囲気に親しむのに最適なステージである。 “けだものの穴”4Fを再現した2Fではアカチャッピーも出現するため、戦闘の基本を身につけることもできる。 非常に狭く単調なステージであるため、運搬ルートについて悩むことはまずない。このように全体的に初心者向けという趣のステージだが、一定確率でタマゴムシが出現するステージでもあるため、 タマゴムシを狙い撃つテクニックを磨きたいチャレンジモード上級者にとっても良い練習になるステージであると言える。 ノーミス時全回収のスコアはタマゴムシ無しで34,920点(＋タイムボーナス)である。"
53,53,原生生物,ツブラメケメクジ,koppacha,koppacha,つぶらめけめくじ,『ピクミン2』で登場した中型原生生物。 貝殻を捨てて水辺で生活することを選んだ貝類から進化した種であるケメクジ科の中でも、ヒトハナケメクジの進化前にあたる。 ヒトハナケメクジの近縁種ではあるが幼生ではない。 巨大なつぼみのような器官を持っており、ここを攻撃されるとあっけなく死んでしまう。基本的には水辺に生息しているため青ピクミンで戦うことになるが、 背後に回ってつぼみのような器官に張り付かせることで青ピクミンでも容易に倒すことができる。 『ピクミン2』では“まどいの水源”の水源近くに生息しており、倒すと“アクアティック・マイン”を吐き出す。 『ピクミン3』では“再開の花園”と“交わりの渓流”に出現する。 “交わりの渓流”に生息するツブラメケメクジは“シャクシャクノミ”運搬ルート上を占有しているため、 安全に運搬するためには倒す必要がある。 倒したあとに残る死骸はピクミン3匹で運ぶことができるにも関わらず20匹以上を一気に増やすことができるため、 不足しているピクミンを補うのに適している。『ピクミン3』では新たに墨を吐く能力を手に入れたが、これによってピクミンが死ぬことはない。 また、つぼみ部分に張り付いたピクミンにこの墨が当たることもないため前作と同じく青ピクミン少数で容易に対処できる。
54,54,原生生物,オオバケカガミ,koppacha,koppacha,おおばけかがみ,『ピクミン3』で登場した巨大生物の一種。コカガミの成体である。 暗い洞窟を好むコウモリのような外見の雑食動物であり、エリア内でもっとも大きい個体がその活動領域に大量のタマゴを産んで支配している。 光の屈折を利用してあたかも透明のように見せかけ、外敵から身を守る能力を持っている。 強い光に非常に弱いため、日光下では活動できないものと思われる。探索1日目で“迷いの雪原”に不時着したチャーリーが遭遇した原生生物であり、 この際にチャーリーはオオバケカガミに飲み込まれてしまう。 アルフ・ブリトニー班はチャーリーから発せられる電波によってオオバケカガミの住処に辿り着き、 オオバケカガミを倒すことで隊員三人がすべて揃うようになる。『ピクミン3』では唯一の毒属性の持ち主である。 どの色のピクミンでもオオバケカガミの胞子を浴びるとパニック状態になり一定時間後に死んでしまうため、 その前に笛で呼んで正常に戻す必要がある。 また、飛翔中はピクミンを8匹以上貼り付けると落下させることができる。
55,55,原生生物,タマゴムシ,koppacha,koppacha,たまごむし,ピクミン2に登場する原生生物。重さ1価値1ポコ。ピクミンを殺傷する能力はなく出現すると数秒で土に潜って消えてしまう。一見なんの変哲もない原生生物であるがチャレンジモードにおいてはステージに点在するタマゴから20分の１の確率で10匹が出現し倒して運ぶと１匹につき20秒分のスコアが加算されるため決して無視できない存在である。チャレンジモードを10年以上もやり込まれ続けるようになった諸悪の原因ともゲーム性を崩壊させたスコアブレイカーとも言われある意味ではチャレンジモードの象徴的存在となっている。なお本編ではむしろ邪魔がられている。
56,56,チャレンジ用語,厳選,koppacha,koppacha,げんせん,タマゴムシが出るパターンや原生生物やマップなどの配置がより良いパターンが出るまでリスタートを繰り返す行為のこと。ピクミン2チャレンジモード「コンクリート迷路」のようにマップ厳選がものを言うステージもある。マップがランダム生成の『ピクミン2』ではよくあることだが他タイトルでもないわけではない。
57,57,本編用語,絶望の森,koppacha,koppacha,ぜつぼうのもり,『ピクミン』本編において２日目の「希望の森」を１日でクリアすることを目指すときに呼ばれる呼称。２日目はスタート時点で赤ピクミン20匹しかいない上に青ピクミンなしですべてのパーツを集めなければならない。真の理論値である６日クリア最後の関門とされる。2011年末に始めて１日クリアが達成された。
58,58,本編用語,初日ゼンメツ,koppacha,koppacha,しょにちぜんめつ,ピクミン2本編において１日目にOoBを用いてピクミンを全滅させることでいくつかのイベントをスキップするテクニック。2016年末に発見されRTAの時間短縮に大きく貢献した。最初に赤ピクミンを呼んだあと背後にある岩にぴったり背中を合わせてピクミンを投げるとピクミンが岩の中にめり込む。そのまま読んで岩の奥に誘導すると見えない落下ポイントに次々に落ちていき隊列をすべて落とすと即座に１日が終わる。そして２日目は何事もなかったかのように始まる。
59,59,本編用語,OoB,koppacha,koppacha,あうとおぶばうんど,Out of Boundsの略。本来は立ち入れないエリアに何らかの手段で侵入すること。びっくり菊を利用して高台に登るテクニックは「菊OoB」と呼ぶなど、しばしば利用手段を接頭辞に付ける。本編RTAではどのタイトルでも頻繁に使われている。最も著名なOoBはEARLY BLUESだろう。ピクミン1においては、クマチャッピーやサライムシを利用したOoBによってクロノスリアクターをポンガシクサを利用せずに回収する手法が開発されており、ピクミン1における8日クリアの有力な手段として利用された。
60,60,ピクチャレ大会,魔境化,koppacha,koppacha,まきょうか,ピクチャレ大会において１位と10位前後のスコア差がほとんどないランキングの状況を指す言葉。「たそがれの庭」がその代表格であり１秒を競い合うタマゴなしステージはいずれもゆくゆくは魔境化する運命にある。
61,61,ピクミン界隈,ピクミン廃人,koppacha,koppacha,ぴくみんはいじん,ピクミン界隈においてトップランカーを指す言葉。2018年現在はあまり使われておらず2011年に６日クリアを達成したこんこんピクミン氏や海鮮丼氏に対して尊敬を込めて使われた呼称である。略してピク廃。
62,62,チャレンジ用語,想定外,koppacha,koppacha,そうていがい,『ピクミン3』ミッションモードにおいて世界ランキンググラフの右端を超えたスコアを指す言葉。 ハイスコアを出した際にグラフの右端の値を超えたスコアを出すと「想定外」と表示されることからこう呼ばれる。 プラチナメダルよりもひとつ上のスコア指標と言えるがプラチナボーダー＝全回収であるためそれ以降のスコアはすべてタイムボーナスを積み重ねることになる。 想定外ボーダースコアには明確な基準がなくやりこめば比較的容易に超えることのできるステージから未だに世界記録を上回っているステージまでさまざまである。 同ステージの1Pモードと2Pモードでは同値が設定されているため概ね2Pモードの方が出しやすい。
63,63,本編用語,EARLY BLUES,koppacha,koppacha,あーりーぶるーす,『ピクミン2』において３日目に青ピクミンを仲間にするためのテクニック。「白い花園」付近のシーソーを使って場外に入りそのまま壁伝いに青ピクミンのいる池に行くことができる。2012年にこれが発見されたことで本編の最短攻略はそれまで理論値とされていた８日から７日に短縮された。
64,64,ピクミン界隈,うわ,koppacha,koppacha,うわ,ピクミン勢が2017年頃に使っていた独特の挨拶。「起きた」「帰宅」等の出没ツイートに対して（主に空リプで）使う。元々は「うわ（超上級者）が現れた」的なニュアンスで一部の人にだけ使われていたがいつの間にか誰に対しても使われるようになった。2018年以降はあまり使われていない。
65,65,ピクミン界隈,人権,koppacha,koppacha,じんけん,ピクミン勢として（あるいは人として）認められるための最低限の実績を指す。基本的に上級者たちが自虐自慢風に使う言葉。（ピクハラの項も参照）
66,66,本編用語,空飛ぶ目玉焼き,koppacha,koppacha,そらとぶめだまやき,『ピクミン2』本編「食神の台所」最深部で開始直後にお宝「ハラワタモドキ」が明後日の方向へ飛んでいく謎の現象。原因は不明で再現率も低い非常にレアな現象。
67,67,ピクミン界隈,TAS,koppacha,koppacha,たす,Tool-Assisted Run（ツール・アシステッド・スピードラン）の略。エミュレーターを用いてゲームを限りなく早く攻略することを目指す、スピードランの一種。TASでは人力プレイと違い、メモリを読むことで隠しパラメータを把握したり、フレーム単位での微調整によりおよそ人力ではできないテクニックを実現したり、こまめにセーブして好きなところまで巻き戻し、都合の良い展開になるまでやり直すこともできる。改造は認められないので、プレイはあくまでも理論上は人力でも可能な範囲に限られている。『スーパーマリオ64』などでは活発にTASの研究が行われているが、行動選択肢が膨大なピクミンシリーズではTASの制作ができる人はかなり限られている。また、ピクミンシリーズはルートの考案によりスコアが大きく変わる特徴を持っていることもあり、TASが作ったスコアを人力が越えてしまう場合もある。
68,68,ピクミン界隈,ポーズバッファ,koppacha,koppacha,ぽーずばっふぁ,ゲーム中にポーズを利用することによってフレーム単位での微調整を人力で行うテクニック。ピクチャレ大会では10回以上のポーズは禁止されている。
69,69,チャレンジ用語,Cステバグ,koppacha,koppacha,しーすてばぐ,長時間チャレンジモードをプレイしていると、あるタイミング以降、ピクミンが敵や宝をすり抜けるようになる現象。この現象が発生すると、隊列操作（Cスティック）を使ってもピクミンを敵や宝に付けることができなくなるため、Cステバグと呼ばれるようになった。詳しい仕組みは解明されていないが、ピクミン2でチャレンジモードのステージに繰り返し入場し続けると必ず発生するため、やりこみ勢がよく遭遇する怪現象として定評がある。Cステバグはリセットもしくはタイトル画面に戻ることで改善される。
70,70,本編用語,超ジャンプ,koppacha,koppacha,ちょうじゃんぷ,ピクミン2においてジャンプ寸前のイモガエルを石化したあとに遠く離れたリーダーに交代すると石化解除後に遠く離れたリーダーめがけてイモガエルが長距離移動をするというテクニック。基本的にはネタの領域だがWiiであそぶピクミン2においては7日101匹クリアをするためにはこのテクニックで青ピクミンを誘導する方法が不可欠となる。
71,71,チャレンジ用語,ゲキカラ延長,albut3,albut3,げきからえんちょう,カラ延長、または単に延長と呼ばれることもある。ゲキカラ状態のピクミンに向けてゲキニガスプレーを噴射すると、効果時間がリセットされることを利用して、無理やり延長させること。「同じタイミングでゲキカラをかけたにもかかわらずピクミンによって切れる時間が異なる現象」としてスコアタ勢のみならずライト層にも長年知られていたが、2018年3月に詳細が解明された。
72,72,チャレンジ用語,開幕分離（ゲキカラ解散）,albut3,albut3,かいまくぶんり,ゲキカラスプレーを使用した際、ピクミンが跳ねているモーション中は解散指令の対象にならないことを利用して、隊列からリーダーだけを解散で分離する行為。開幕でルーイを置き去りにするために良く用いられる。ゲキカラ使用→解散ボタン2連押しをテンポよく行うと安定して実行できる。
73,73,新参者の試練場,のびトレ,albut3,albut3,のびとれ,ピクミン2チャレンジモードのステージ「新参者の試練場」のこと。英語名Novice Trainingからこう呼ばれることがあるが、普通に新参者と呼ばれることの方が多い。ちなみに「Novice」は競技などにおける区分の一つである。対義語としてはExpertなどが存在し、文字通り初心者という意味がある。ムラサキポンガシクサを3つとも使用するのをやめたとき、ある意味で初心者を脱出するのかもしれない。
74,74,チャレンジ用語,沸きムシ,albut3,albut3,わきむし,ピクミン2において、タマゴからランダムに生成されるタマゴムシではなく固定で配置され地面から湧いてくるタマゴムシのこと。チャレンジモードで登場するステージでは必ず紫がいるため、タマゴムシの中では良心的な存在…のように見えるが、新参者の試練場地下2階においては通常1セットのところランダム(全数調査の結果約0.55%と判明している)で2セット生成されることがある。闇。
75,75,グリーンホール,緑穴ガチャ,albut3,albut3,みどりあながちゃ,「グリーンホール」において、タマゴをたくさん割ってタマゴムシを出そうとする行為を指す。タマゴが8個も生成されることから、ソーシャルゲームなどのガチャになぞらえてこのように呼ばれる。通常プレイのほか、その日の占いや、タマゴムシが出なさ過ぎて疑心暗鬼に陥った者が利用する。稀に2Fで追加ガチャを引くことができる。長い間，タマゴムシの出現率において1/16 から 1/24 程度であるとの議論が行われていた。現在は1/20 、つまり5%であると考えられている。この条件に基づくと、緑穴ガチャでタマゴムシが出ない確率は約66% (2/3) となるため、出ないからといって疑心暗鬼に陥らないように留意されたい。
76,76,グリーンホール,産廃,albut3,albut3,さんはい,産廃とは，産業廃棄物のことである．かつてグリーンホールでタマゴムシを粘っていたバライト氏を中心に、卵からゲキニガエキスが出た時にこう呼んだ。ムシでないから点数も伸びず、ゲキカラでないから運搬の効率化にも利用できず、かといってグリーンホールでは「ゲキニガが有効な敵」が2Fにいってもほとんどいない状況であり、むしろエキスと違ってピクミンを花にすることもできないというデメリットだけが光ってしまうことが、とにかく嫌われる原因であった。
77,77,地下の温室,1F/2F中央,albut3,albut3,いっかいにかいちゅうおう,「地下の温室」において、＋字の中央に拠点がある地形のこと。2F中央は特に良地形とされており、高いスコアが期待できる。ただし出現確率が低い。
78,78,鉄人の穴,鉄人シューティング,albut3,albut3,てつじんしゅーてぃんぐ,ピクミン2チャレンジモードの鉄人の穴地下2階において、タマゴムシを出して討伐すること。鉄人の穴は場外にピクミンを投げると落下死する地形であるため、落下死しないよう慎重に討伐することが求められる。Wii版はダッシュ投げが暴発しないため、NGCよりも鉄人シューティングが有利とされている。
79,79,赤の洞窟,レモン地形,albut3,albut3,れもんちけい,赤の洞窟における、レモンの形のような地形パーツのこと。敵の数が多いため、拠点に隣接したときは高めのスコアが狙える。
80,80,花園を荒らすもの,とうふサーチ,albut3,albut3,とうふさーち,「花園を荒らすもの」において、埋まり宝の候補地 21か所を全探索するために提唱された手法。埋まり宝が見つからなかったときのリカバリーの他、RTA中などに安定を取るために用いられる。床の模様や裂け目で歩く場所を判別する。
81,81,お宝,大地の息子,albut3,albut3,だいちのむすこ,ピクミン2において、じゃがいもに対して付けられた宝の名称。地中に完全に埋まっており、白ピクミンでなければ見つけられないのだが、大地の息子は感知範囲が非常に狭いことに定評がある。チャレンジモードにおいては、「新参者の試練場」「花園を荒らすもの」に登場。特に「花園を荒らすもの」においてはなかなか見つからない宝であり、時間切れまでじゃがいもを探し続ける光景もたまに見られる。
82,82,たそがれの庭,一本道地形,albut3,albut3,いっぽんみちちけい,「たそがれの庭」において4種類ある地形パターンのうち、拠点から奥が近く、かつ奥が一本道になっている地形。一般的に2番目に良い地形なので、準理想地形と呼ばれることもある。ちなみに、真に拠点から最奥までが一本道になる地形もある。こちらは最クソ地形と呼ばれる方が多く、すぐにリセットされてしまうので一本道地形と呼ばれることは少ないと思われる。
83,83,コンクリート迷路,コンクソ,albut3,albut3,こんくそ,ピクミン2スコアタ勢内におけるコンクリート迷路の通称(蔑称)。高スコアを出すためには地下1階・2階における配置厳選をしたうえでさらに地下3階でタマゴムシを引き、それをわずか18匹の葉ピクミンで狙撃する必要があり、運要素があまりに強いため多くのピク勢から嫌われている。その嫌われっぷりは「ピクミン2チャレンジモード全29コース」のようにコース扱いすらされないこともある程である。また、地下3階においてポポガシグサが1つ生成されない場合があることも知られており、このこともコンクリ嫌いに拍車をかける要素となっている(「ポポガシ不在」の記事も参照)。
84,84,コンクリート迷路,ポポガシ不在,albut3,albut3,ぽぽがしふざい,ピクミン2チャレンジモードの「コンクリート迷路」地下3階において低確率で見られるポポガシグサが1つしかない配置。ピクミンが10匹までしか増やせないため事実上80点の減点となるうえこの配置を引くとタマゴも生成されないため大幅にタイムロスしてしまう。さらに当該フロアが地下3階であることもありそれまでの2フロアをおじゃんにしてしまう凶悪な存在として忌み嫌われている。
85,85,コレクタールーム,解散,albut3,albut3,かいさん,「コレクタールーム」で、アカチャッピーやケチャッピーをゲキカラなしの解散で倒すテクニック。チャッピーの寝息のタイミングを計る必要があり、やや難しい。また、正面もしくは背中から解散を実行する必要があり、横からだと成功しない。
86,86,コレクタールーム,5F,albut3,albut3,ごかい,「コレクタールーム」において非常に宝配置によるタイムのばらつきが大きいフロア。5Fにおいて宝がすべて手前に配置されることを「5F全手前」といい、記録更新を狙うときは5F全手前に近い配置を祈らなければならない。また、スプレー配分的に5Fはスプレーなしでアカチャッピーを倒すことが多いが、これに失敗して敗北する者が多い。以上のことから、5Fでリセットになることが多く、恐れられている。
87,87,チャレンジ用語,近視/遠視,albut3,albut3,きんしえんし,ピクミン界隈においては、カメラをリーダーに近づけた視点、あるいは遠ざけた視点のことを指す。（GCコントローラではRボタン、Wiiリモコンでは十字キーの横ボタンで調整可能）大半の敵は、画面外かつ、リーダーやピクミンが周囲に居なければ動きを止めるという仕様があり、近視/遠視を利用して敵のコントロールを行うことが可能である。チャレンジモードにおける利用例としては、「ショイグモの巣」で近視状態を維持してショイグモを画面外にしておくことで、宝を担ぎにいくのを遅らせることができる。ショイグモの巣の上位勢の動画は近視状態が長いことが印象的であり、界隈では近視プレイと呼ばれるようになった。一方、遠視は画面に多くの情報を入れることができるため、探索が行いやすい。近視と遠視を使い分けながらプレイすることは本編でもチャレンジモードでも重要である。
88,88,大足の穴,ショイグモ解散,albut3,albut3,しょいぐもかいさん,「大足の穴」などにおいて、ショイグモをピクミン解散指令で倒すこと。土管内の見えないショイグモを倒すのに有効な戦法である。ただし、解散したピクミンがショイグモにダメージを与えるためには、ゾウノアシやショイグモの胴体にあらかじめ攻撃しておかなければならない。これは各ピクミンごとに判定がある。あらかじめ胴体に攻撃していても、解散でダメージが与えられないピクミンもおり、詳しい条件は謎である。また、このフラグは運搬物を持つとリセットされることが知られている。
89,89,炎と水の試練場,教習所,albut3,albut3,きょうしゅうじょ,ピクミン2スコアアタック勢での炎と水の試練場の通称。様々な基本操作が求められ、総合的にプレイスキルが高くないと高スコアを出しづらいため、運転免許の教習所になぞらえ、ピクミンの免許の教習所としてこのように呼ばれている。なお、低確率でタマゴが生成されるため時折事故が起こっている模様。
90,90,炎と水の試練場,水槽隣接 / 両隣接,albut3,albut3,すいそうりんせつりょうりんせつ,ピクミン2チャレンジモードの炎と水の試練場地下2階において、拠点と他の部屋が隣接している地形のこと。水槽のある大部屋が隣接している場合は「水槽隣接」、小部屋と大部屋が両方隣接している場合は「両隣接」と呼ばれる。最低限水槽だけでも隣接でないと高タイムが望めず、1階が良いタイムであっても2階の地形でひっくり返されることはザラ。
91,91,巨人のトイレ,トイレタマゴ,albut3,albut3,といれたまご,「巨人のトイレ」1Fにランダムで生成されるタマゴのこと。巨人のトイレは、袋小路のうち余った場所が生じた場合、タマゴが生成されるようになっているが、基本的には宝や階層穴が配置されるため、タマゴを見られる確率はそこまで高くない。複数個タマゴが配置されることもある。
92,92,土とんの洞窟,菊場外死,albut3,albut3,きくじょうがいし,「土とんの洞窟」において、びっくり菊に振り払われたピクミンが壁をすり抜けて場外に落下すること。かなりの確率で発生するため、びっくり菊に振り払いさせずに倒すことが重要である。
93,93,土とんの洞窟,引っかかり/引っかからず（アカヘビガラス）,albut3,albut3,ひっかかりひっかからず,アカヘビガラスが出てくるときの挙動を表す。「土とんの洞窟」2Fにおいては、アカヘビガラスが初手で引っかかると、ゲキニガスプレー2個を使って1ターンキルが可能である（ただし、ゲキニガ噴射が遅いと十分にピクミンを付けることができず、1ターンキルができない）。初手で引っかかるか引っかからないかで、5点程度の差が生まれる。1Fで良い動き、3349配置を引けても2Fでまた祈らなければならず、しかも1ターンキル失敗の危険性もある。
94,94,ひみつの花園,ひみ園,albut3,albut3,ひみぞの,チャレンジモードのステージ「ひみつの花園」のこと。“ひみつ”と呼ばれることもある。ちなみに似たような略称を持つ「秘密兵器実験場」は、“秘密”や“秘密兵器”と呼ばれ、漢字とひらがなで区別される。紛らわしい。また、「花園を荒らすもの」は“花荒”などのように呼ばれ区別される。
95,95,ひみつの花園,下水/隔離,albut3,albut3,げすいかくり,「ひみつの花園」に登場する地形。例を挙げると<br>・スタート位置は2パターンあり、それぞれ「下水スタート」「隔離スタート」と呼ばれる。<br>・間欠泉の場所の候補は3か所あり、「下水間欠泉」「隔離間欠泉」と呼ばれる。特に隔離スタートのとき、下水間欠泉だとタイムロスが発生するため、それを区別するために用いる。<br>・隔離空間にポポガシグサが配置される場合があり、これを「隔離ポポガシ」と呼ぶ。タイムロスの原因であり、特に下水スタートのときに発生確率が高い。
96,96,ひみつの花園,シジミシューティング,albut3,albut3,しじみしゅーてぃんぐ,「ひみつの花園」で、サンショクシジミにピクミンを当てること。1匹10点相当であるため、ハイスコア狙いでは多く落とすことが必須であるが、サンショクシジミは合計24匹、なおかつ集団に近づいてから一定時間で飛び去ってしまうので難しい。<br>・ピクミンN匹でシューティングに挑むことを「N匹シューティング」という。<br>・シジミを全て落とすことを「全討伐」、M匹に逃げられてしまうことを「M匹逃し」という。<br>・ピクミンが当たって落ちている途中のシジミにも接触判定があり、シューティングを妨げている。そのため同じシジミに複数ピクミンが付かないよう、でたらめに投げる技術が問われる。
97,97,チャレンジ用語,プロコキン,albut3,albut3,ぷろこきん,「秘密兵器実験場」「スナイパールーム」において的確に運搬中の紫ピクミンを打ち抜いてくるタマコキンを褒める表現。
98,98,本編用語,バグ死_床抜け,albut3,albut3,ばぐしゆかぬけ,ピクミン1におけるバグ死は、イモガエルを中心に発生し、敵撃破後のモーションと地面の接触状況によってピクミンの座標が地中になってしまうことで、床を貫通して場外に到達、死亡してしまう現象である。ピクミン2における有名なバグ死として、ポンガシクサの引き抜きが挙げられる。ポンガシクサに入れたピクミンを回収する時、あまりにもピクミンの埋まっている位置と壁が近い場合、引き抜いたピクミンがそもそも床に着地できずに場外に落ちてしまうことがある。チャレンジモードではデメマダラの巣窟3階や倍々の穴2階などが該当するが、どちらも到達までにかなりの時間を要するタイミングであり、少なくとも3分以上の努力を台無しにしてしまう。
99,99,どっすん迷路,土管地形/4部屋地形,albut3,albut3,どかんちけいよんへやちけい,"「どっすん迷路」における地形の表現。土管地形とは、土管が左右に並んでいる通路のことである。「どっすん迷路」では土管地形が0～2個存在する。土管地形と四角い部屋の地形は合計4つ生成される。地形の数の内訳ごとに通称がある。<br>・土管地形が2つあるものは「2土管」<br>・土管地形が1つのものは「3部屋」「1土管」<br>・土管地形が0つのものは「4部屋」「土管なし」などと呼ばれる。<br>一般的に1土管が最も高スコアが出るとされる。土管地形が0である場合キショイグモが存在しないのでハイスコア狙いではリセット対象である。"""
100,100,どっすん迷路,落下タマゴ,albut3,albut3,らっかたまご,ピクミン2チャレンジモードのどっすん迷路において、紫ピクミンを投げた振動に反応して落ちてくるタマゴのこと。広場に2個あり、また何もない灰色の袋小路やメダルがある袋小路に、ほぼ確実にタマゴが配置される（ただし、4か所以上袋小路があるときは、そのうち3か所にしかない）袋小路の数によって、ステージ全体のタマゴ配置数が2～5個で変動する。(ただし、稀に広場に卵が1つしか配置されない場合もあるとされる)なお、間欠泉が出る袋小路にはタマゴは降ってこない。
101,101,どっすん迷路,エレキ落下,albut3,albut3,えれきらっか,ピクミン2チャレンジモードのどっすん迷路において、稀に発生する、振動に反応して降ってくるエレキムシがそのまま場外に落下する現象のこと。エレキムシが所持しているビー玉は返ってくるものの、死骸が消滅してしまうため1匹ごとに30カウント相当のロスとなってしまう。ちなみに、エレキムシと同様にタマゴが場外に落下していってしまうこともある。
102,102,スナイパールーム,砂,albut3,albut3,すな,ピクミン2チャレンジモード「スナイパールーム」の略称。
103,103,スナイパールーム,バケツ,albut3,albut3,ばけつ,「スナイパールーム」において、タマコキンやフタクチドックリが居る高台の通称。高台がバケツをひっくり返したような形状に見えることからこう呼ばれるようになったが、実際のところジョウロのほうが近い。しかし界隈ではバケツという表現が定着している。2つバケツが存在する地形は「2バケツ」と呼ばれ、ステージが広いのでスコアが出にくいが、袋小路が多くあるので2個以上タマゴが存在する確率がやや上がる。
104,104,デメマダラの巣窟,クマ奥,albut3,albut3,くまおく,ピクミン2チャレンジモードのデメマダラの巣窟地下2階においてクマチャッピーが3つある部屋のうち拠点からもっとも遠い部屋に配置されること。好配置とされる(ハイスコア狙いではクマが奥でなければリセットが基本)が時折奥の部屋からクマチャッピーがなかなか向かってこずタイムロスになることがある。
105,105,チャレンジ用語,5%,albut3,albut3,ごぱーせんと,主にタマゴから5%で出るものを指す。ゲキカラエキス、ゲキニガエキス、タマゴムシいずれも5%の確率で出現する。
106,106,チャレンジ用語,1/400,albut3,albut3,よんひゃくぶんのいち,主にタマゴから5%の確率で出るもののうち、同じものが2連続で出ることを指す
107,107,チャレンジ用語,70万点,albut3,albut3,ななじゅうまんてん,昔から、ピクミン2のチャレンジモードは30ステージの合計点を伸ばすという風潮が強くあった。当時（2012年ごろ）、チャレンジモードの上位ランカーが力を尽くして到達できる合計点が70万点であり、1つの指標として定着した。今もその文化は残っており、「70万を超えたらガチ勢の入口」とされる。合計70万点は入口扱いされるレベルまでインフレしておりレベルが上がってきているとも言える。
108,108,チャレンジ用語,CaveGen,albut3,albut3,けいぶじぇん,2020年、JHawk氏により制作されたピクミン2の洞窟生成をシミュレートするプログラム。seedを与えると洞窟が生成される。本編、チャレンジモードともに解析が進むきっかけになった偉大なツール。同時期、時間はかかるがチャレンジモード結果画面を利用したseed特定および乱数調整法も発見された。
109,109,チャレンジ用語,EasyEnemy / HardEnemy,albut3,albut3,いーじーえねみーはーどえねみー,いずれも生成される敵の種類の1つ。洞窟にはいくつか敵や物が生成される候補地点があり、候補地点にもいくつか種類がある。EasyEnemyとHardEnemyは敵の生成によく使われる。EasyEnemyは一定の円範囲の中に生成されるもの。HardEnemyはある一点に生成される特徴があり、ほとんど位置がずれない。いずれもCaveGen由来の呼称。
110,110,チャレンジ用語,Mitite,albut3,albut3,まいたいと,タマゴムシの英訳。チャレンジモード頻出英単語の1つなので覚えておきたい。
111,111,チャレンジ用語,WR,albut3,albut3,わーるどれこーど,World Record。世界記録のこと。本編はspeedrun.comの1位、チャレンジモードはピクミンシリーズチャレンジモード大会に投稿された1位の記録がWRと認定されることが多い。
112,112,チャレンジ用語,色付き,albut3,albut3,いろつき,ピクチャレ大会において、3位以上の記録を獲得すること。順位に色がつくためこう呼ばれる。ピクミン2チャレンジモードで色付きを獲得することは容易ではない。
113,113,チャレンジ用語,運搬能チャージ（Carrying Capacity Charge）,albut3,albut3,うんぱんのうちゃーじ,2018年3月に発見された技術で、物を持つときのピクミンの速度状態と物を離すときのピクミンの状態が異なった場合に差分が運搬物に残る現象、およびそれを利用して運搬物の速度上昇を行う行為を指す。一番よくある利用方法は、葉ピクミンにゲキカラスプレーを使い運搬、ゲキカラが切れてから呼び戻すことでチャージする。チャージされたら、例えば花ピクミンやゲキカラピクミンをもう一度付ければ普通より高速で運搬できるし、紫ピクミン少数で速い運搬をするといった使い方もできる（新参者の試練場など）
114,114,チャレンジ用語,鍵ムービー,albut3,albut3,かぎむーびー,鍵を回収したときに挿入される穴や間欠泉のムービーのこと。<br>・ムービー直後は移動以外のすべての操作が一瞬できなくなる<br>・GC版は鍵ムービーの後に空中にいる全てのピクミンが垂直に落下する<br>・リーダーが拠点付近にいる状態で、鍵ムービーの直後に物が回収されると、ピクミンが周りの物に加勢せずに直接リーダーの隊列に戻ってくる<br>などの特徴があり、基本的に邪魔だがリーダーに戻ってくる特性はたまに良い方に利用できたりする。
115,115,チャレンジ用語,壁付けなおし,albut3,albut3,かべつけなおし,壁破壊などの作業をさせている状態でゲキカラ状態が切れると、作業をやめさせるまではピクミンの攻撃力が10のままである現象。この仕様のため、赤/紫のゲキカラピクミンで作業をしていた場合、ゲキカラが切れてから一度作業をやめさせ、もう一度付け直さなければ本来の攻撃力を出すことができない。意識され始めたのは2023年最近のことである。
116,116,チャレンジ用語,教科書,albut3,albut3,きょうかしょ,他の物がたくさんあるにもかかわらず、鍵の回収が一番最後になってしまうこと。穴の場所が分からない / 間欠泉が着手できないので当然良くない。教科書は「教科書の2ページ目に書いてあるぐらい当たり前のこと」の略。
117,117,チャレンジ用語,ゲキカラ解散 / 開幕分離,albut3,albut3,げきからかいさん,ゲキカラスプレーを噴射するとピクミンが跳ね上がる演出をするが、この後ピクミンが行動できるよりも一瞬早く解散指令を出せるようになる。そのタイミングで解散ボタンを押すと、ピクミンを隊列に入れたままリーダーだけを分離することができる。開幕でゲキカラスプレーを使いながらリーダー1名を置き去りにしたいときに使うテクニック。ゲキカラ→テンポよく解散ボタン2回　などタイミングの取り方は様々。解散ボタンが早すぎると解散が効かず、遅すぎるとピクミンも置き去りにしてしまう。
118,118,チャレンジ用語,タマゴ押し,albut3,albut3,たまごおし,タマゴを袋小路の端まで押すことで、タマゴムシが出たときに多く倒しやすくするテクニック。初期は行われていなかったがいつのまにか皆やっていた。
119,119,チャレンジ用語,半石化,albut3,albut3,はんせきか,ゲキニガスプレーの効果が切れた瞬間に敵を倒せるように仕込みを行うこと。チャレンジモードの基本技術の1つで、様々な敵に対してセットアップ手順が確立されている。<br>以下は一例だが、仕込み方法は個人差がある。<br>※数字は投げる匹数、ニガ　はそのタイミングでゲキニガスプレーを打つことを指す。<br>足元の指定がない場合は上からピクミンをぶつけることとする。<br>・アカチャッピー（寝）ゲキカラピクミン：1ニガ1<br>・アカチャッピー（起）ゲキカラピクミン：ニガ　足元から2<br>・テンテンチャッピー（寝）白ピクミン：ニガ5<br>・テンテンチャッピー（起）黄/白ピクミン：ニガ　足元から中速で5。または、2ニガ3<br>・ヤキチャッピー　赤ピクミン：3ニガ2　または　ニガ6<br>・ヤキチャッピー　ゲキカラピクミン：ニガ　足元から4<br>・イモガエル　ゲキカラピクミン：2ニガ（ニガ2でも勝手に倒してくれる）<br>・ブタドックリ　ゲキカラピクミン：ニガ3<br>・クマチャッピー　ゲキカラピクミン：3ニガ。または、ニガ　低速で4<br>・タマコキン　紫ピクミン：ニガ2<br>・タマコキン　黄ピクミン：3　少し待ってニガ
120,120,チャレンジ用語,ピクハラ,albut3,albut3,ぴくはら,ピクミンハラスメントの略。内容はさまざま
121,121,チャレンジ用語,ラン対,albut3,albut3,らんたい,ランダムステージ対戦の略。ユーザー主催でランダムに選ばれたチャレンジモードのステージに同時に入場し、タイムを競うイベント。みなさん参加しましょう。
122,122,こてしらべの洞窟,鍵調整,albut3,albut3,かぎちょうせい,「鍵が回収されてから数秒間、ポッドの吸い込み受付が停止する」という仕様があり、これを回避するために鍵が吸い込まれるタイミングを調整すること。全ステージで発生するが、こてしらべB1とデメマダラB4で特によく起こる。鍵を早く回収するか、もしくはポッドに到着してから回収されるまでの間に最後のメダルを到着させることで回避する。
123,123,新参者の試練場,中央スタート,albut3,albut3,ちゅうおうすたーと,13.6%の確率でB1中央拠点からスタートできる。最初に行った部屋は紫のみの運搬で処理でき、白に余裕ができるので一般的に良い地形とされる。
124,124,新参者の試練場,S字,albut3,albut3,えすじ,B2で丸部屋スタート、その先に三日月部屋が2つ接続している地形のこと（22％）。全体がS字に見える。かなり悪い地形であり、B1で2セットを引いたあとに来ると泣く。
125,125,新参者の試練場,例の地形,albut3,albut3,れいのちけい,B2で三日月の地形からスタート（13.6%）する地形のことを言う。最も確率が高い通常地形に比べると埋まり宝が見つかりにくく難しいが、1/26の確率でタマゴムシ2セットが存在するのでロマンがある。例の地形それぞれの名称はYY（三日月が同じ向きで2個くっついているやつ）、S字みたいなやつ、税務署（三日月どうしが2箇所で繋がっている地形）。
126,126,新参者の試練場,2階2セット,albut3,albut3,にかいにせっと,B2でタマゴムシ2セットが出てくること。確率は約1/180。かつて、B2にタマゴムシ2セットが存在することは知られていなかったが、ミラン氏のツイートから2セット疑惑が生まれ、その後様々な人が観測したことから広まることになった。
127,127,新参者の試練場,ごれい・サーチ,albut3,albut3,ごれいさーち,コガネモチ系統の出現候補場所のこと。今はCavegenを使うことで確認できる。多すぎて覚えるのが難しい。丸部屋の候補地点のうち、接続口を下に見て左下にある地点は見落としやすいのでここだけ覚えておくといいことがあるかも。
128,128,新参者の試練場,マネキン・サーチ,albut3,albut3,まねきんさーち,新参B2の三日月地形で宝が埋まっている候補地点4箇所（袋小路を除く）のことで、罫線氏のツイートによって広まった。覚えると非常に有利になる。場所は下図の通りで、床模様もしくは近くの壁の形状を使って場所を覚えるのが良い。
129,129,神々のおもちゃ箱,敵判別,albut3,albut3,てきはんべつ,"B1アカコチャッピー6体、B2テンコチャッピー6体はそれぞれEasyEnemy3体、HardEnemy3体ずつの内訳になっており、B1のHardは必ず重さ10、B2のHardは重さ10以上、B2のEasyは5,6,8のいずれかの宝を出す。それぞれ候補地点を覚えておけば、倒す前に自動運搬のために適切なピクミン数を投げることができ効率化が見込める。候補地点はCaveGenで確認できる。"
130,130,神々のおもちゃ箱,Gルート,albut3,albut3,じーるーと,B2初手で図の赤矢印のように進むこと。Gはごれい氏のこと。
131,131,神々のおもちゃ箱,内側,albut3,albut3,うちがわ,B2の拠点～踏切までの道のりに何体の敵がいたかを示すのによく使われ、内側N体と表現される。内側にいる敵の数が多いほどタイムは多く残りやすい。間欠泉に近いところにいる敵も内側に分類されるが、そこまで行くと少し遠いので恩恵は少なくなる。
132,132,神々のおもちゃ箱,親子連れ,albut3,albut3,おやこづれ,テンテンチャッピーとテンコチャッピーが一緒にいること。テンコチャッピーは設定上は擬態なので本当の親子ではない
133,133,神々のおもちゃ箱,絶対死ぬ場所,albut3,albut3,ぜったいしぬばしょ,上図で言う右下あたりを指す。Wii版だと初手で線路を挟んだ対岸の宝と敵を運搬するのが定石だが、その運搬隊をのちのち妨害してくるのでGルートで進むと対処できなくて食べられてしまう。この場所に敵がいるときは最優先で目指すのが良い。
134,134,神々のおもちゃ箱,分断,albut3,albut3,ぶんだん,図の右上、対岸の宝のすぐ近くにいるテンコチャッピー（HardEnemy）について、宝が下側、死体は左側に向けて運搬されていく現象のこと。非常に高頻度で発生する。誘導すれば同じ方向に運搬させることができるがかなり難しい。この場所にテンコチャッピーが居る場合は運搬前にテンテンチャッピーを倒さないといけない。
135,135,神々のおもちゃ箱,仕事してましたアピール,albut3,albut3,しごとしてましたあぴーる,宝についたピクミンが引っかかり、持てていないために運び出せない現象はよくあるが、画面に入れたとたんに運び出すことがある。神々B2のベーゴマを運搬するときによく発生するので、11匹以上投げるのを推奨。
136,136,あのひとの庭,ヤクザ地形,albut3,albut3,やくざちけい,下図の地形のこと（1/18）。壁1個が無関係な場所にあるのが確定しており、平均的に良いタイムが期待できる。ピクミンヤクザ氏の旧WRで有名な地形であることからこう呼ばれる
137,137,あのひとの庭,yakuza mizunomukounasi,albut3,albut3,やくざみずのむこうなし,ヤクザ地形に加えて隣の部屋の水の向こうに何もない配置（約1/120）。水の向こうにある物は少ないほうが好記録が期待できる。名前は§マリルイ氏の全探索でつけられた変数名。
138,138,あのひとの庭,ヤクザかぶれ,albut3,albut3,やくざかぶれ,下図の地形のこと。拠点近くに物が生成される地点が多く、上振れを引くとヤクザ地形を上回りうるポテンシャルを持つ。実際、この地形のプレイがWRであった時期もある。
139,139,グリーンホール,餌やり,albut3,albut3,えさやり,ハチャッピーの正面にピクミンを投げること。ハチャッピーは正面に対してかなり捕食反応が強いので良くない行為である。
140,140,グリーンホール,2Fタマゴ,albut3,albut3,にかいたまご,2Fにタマゴが生成される地形（6％）。タマゴが存在する場合はフルーツが拠点近くに置かれているのですぐ分かる。タマゴがあるうえに良い配置
141,141,グリーンホール,コチャ落とし,albut3,albut3,こちゃおとし,コチャッピーを段差から落として拠点に近づける誘導。ヤキチャッピー＋フルーツ2個＋コチャッピー1～2体運搬でピクミンを使い切り、離れたところにいるコチャッピーを誘導して落とすことでタイム向上が見込める。配置によっては2体落とすことも可能。フルーツが背後にある場合は誘導しないほうが早い。
142,142,地下の温室,十字スタート/犯罪,albut3,albut3,じゅうじすたーとはんざい,十字の部屋からスタートすること（13.6％）。丸部屋スタートよりも一般にタイムが良くなりやすい。B2も十字部屋からスタートすることがあり、B2十字はタイムの得がさらに大きい。ランダム対戦においては十字スタートを引くと勝率が急上昇するので犯罪と呼ばれるが、B1の十字は実はアドバンテージがそこまで大きくないので巻き返されることも。
143,143,地下の温室,黄金比,albut3,albut3,おうごんひ,B2において、15＋1＋10を運搬→9匹引き抜き6を運搬→回収が終わった1+10+隊列3でブタ2匹運搬 というルートを取ること。ブタドックリが近いとやりやすい。
144,144,鉄人の穴,危険な岩,albut3,albut3,きけんないわ,B2 ミヤビフタクチが吐いた岩が特定のスペースの中から出られなくなって転がり続けること。判定が残り続けるので危険。運搬物をぶつけて破壊するかその場にしばらく近づかないのが対策となるが、そもそもこのような状況を起こさないように岩を吐かせるのが良い。
145,145,赤の洞窟,居ない配置,albut3,albut3,いないはいち,アカコチャッピーが15匹未満しかいない配置のこと。しばしば発生する。速いと思ったら数が足りないのは日常茶飯事。
146,146,赤の洞窟,犯罪,albut3,albut3,はんざい,ランダム対戦において、特にアカコチャッピーが11匹もしくは12匹の配置でプレイすること
147,147,赤の洞窟,俺はTASと張り合う,albut3,albut3,おれはたすとはりあう,かつて、チャレンジモードのプレイヤーが赤の洞窟でxs姫sx氏のTASとスコアを争い合っていたときに残された有名な一言コメント。
148,148,花園を荒らすもの,手前3個 / 奥0個,albut3,albut3,てまえさんこおくぜろこ,拠点側の部屋に埋まり宝が3個存在していること。3個とも拠点側に埋まっている確率は3.7%である。奥で1個も見つからないとよくこの言葉が発されるが、奥の埋まりを単に発見できていないことが大半である。
149,149,花園を荒らすもの,残業 / 36協定,albut3,albut3,ざんぎょうさぶろくきょうてい,残業は埋まり宝が見つからないので残りを探し回ること。見つからなさすぎて残りタイムが36を下回ると36協定に違反すると言われる。36協定は現実社会に実際に存在する協定および、GCの任天堂公式記録（残りタイム35）に勝てる最低ラインであることに由来する。
150,150,たそがれの庭,理想地形/準理想地形,albut3,albut3,りそうちけいじゅんりそうちけい,たそがれの庭は奥の部屋までが近い/遠い の2種類の接続があり、奥の部屋は分かれ道/一本道の2種類がある。奥の部屋までが近く、分かれ道である地形（8の字みたいなやつ）は理想地形、奥の部屋までが近いが一本道である地形は準理想地形と呼ばれる。それぞれの地形の中でも、特に拠点側の袋小路に間欠泉が出る配置、拠点のすぐそばにメダルがある配置はとりわけ良いものとされる。
151,151,たそがれの庭,1/4,albut3,albut3,よんぶんのいち,4分の1で生成される地形を引くこと。ちなみに全ての地形の生成率が1/4なので意味のない言葉だが、大体一番良い地形か一番悪い地形を指して使われる。
152,152,たそがれの庭,植物理論,albut3,albut3,しょくぶつりろん,植物があるところにはウジンコが出ないという法則。特に場外に出てくるウジンコを判別する際には植物理論が非常に有効である。ただし、候補地点が複数集中しているところでは植物のすぐ隣から出てくることもあるので注意が必要。
153,153,たそがれの庭,黄昏を見よ,albut3,albut3,たそがれをみよ,当時WR保持者の1人 バライト氏の一言コメント。現代で誰か使ってほしい
154,154,かくしもちの洞窟,全手前,albut3,albut3,ぜんてまえ,B1、B2、B3の全てで拠点の部屋に宝が埋まっていること。各階層で手前に埋まっている確率は1/5で、全手前は1/125である。
155,155,かくしもちの洞窟,穴手前確定,albut3,albut3,あなてまえかくてい,B2、B3、B4において、敵が拠点からはるか遠い場所に存在すること。HardEnemyは次の階層に行く穴の近くには生成されないという法則があるため、遠い場所に敵がいる場合は必ず手前に穴が出る。悪い配置を形容する言葉として使われる。
156,156,コンクリート迷路,タマゴ消失/例の地形,albut3,albut3,たまごしょうしつれいのちけい,B3で袋小路どうしが繋がった地形を引いてしまうこと（6％）。特徴的な地形をしているのですぐ分かる。この地形を引くとタマゴは必ず消失し、7割ぐらいの確率でポポガシグサも1つしかない。
157,157,コレクタールーム,早起き,albut3,albut3,はやき,チャッピーを解散で倒すときに突っ込むタイミングを誤り早起きされてしまうこと。その後大体食べられる。
158,158,コレクタールーム,人権表,albut3,albut3,じんけんひょう,各階層の早さを示す指標として作成された表。
159,159,コレクタールーム,完全不在土器,albut3,albut3,かんぜんふざいどき,B6で完全不眠土器カフェオレが存在しない配置（約1/150）。袋小路が少ないとなりやすい
160,160,ショイグモの巣,テー,albut3,albut3,てー,ショイグモが反撃する音。特にキショイグモ
161,161,ショイグモの巣,宝を持つやつ,albut3,albut3,たからをもつやつ,ショイグモの巣には宝のそばに配置されるショイグモが3匹いるが、そこ以外に配置されるショイグモでも宝を持ちにいくやつがいる。ポッド正面を12時として、12時にいるショイグモと、11時付近にいるショイグモ（11時のショイグモは近くにある宝がアクアティックマインだと高確率で取りに行く。エアシューター、むしばのとも でもたまに）で発生。12時のショイグモは厄介なので初手で討伐することが推奨されている。
162,162,大足の穴,ゾウデレ,albut3,albut3,ぞうでれ,本来振り払いが発生するはずの回数を攻撃していても、ゾウノアシが振り払いをせずに通常行動をすること。開幕でたくさん攻撃しているのに振り払わずに歩き出すことを一般にゾウデレといい、歩いた後に振り払わずに休憩することを後ゾウデレという。ゾウデレ＋後ゾウデレの両方を起こすことを真・ゾウデレという。ゾウデレはセットアップ手順が確立されており再現可能だが、後ゾウデレおよび真・ゾウデレは安定手法が確立されていない。特定のHPを下回ると敵のAIがリセットされる仕様が発生原因とされているが、具体的にいくつを下回ると発生するかはいまだ不明である。
163,163,大足の穴,解散討伐,albut3,albut3,かいさんとうばつ,ムラサキショイグモを解散で倒すこと。敵に取りついて攻撃したピクミンはショイグモに対して解散で攻撃が通るようになる謎仕様があり、それを利用したもの。振り払われたり物を掴んだりすると効力が消える。
164,164,大足の穴,ねぶくろ戦法,albut3,albut3,ねぶくろせんぽう,ゾウノアシにピクミンを投げてから、片方のリーダーを間欠炎の近くで寝かせる手法のこと。こうすると間欠炎を壊したピクミンがリーダーを運んで帰還するので、作業を終えた後に交代することでスムーズに第2陣で行動できる。ゾウデレが成功しないと寝かせるための時間が足りない。Wii版は土管の通路から拠点に笛が届くのでねぶくろ戦法をする必要はない。
165,165,食神のかまど,フリーズ,albut3,albut3,ふりーず,食神のかまどをプレイしているとたまにフリーズしてしまう。パンモドキの挙動が関係あるが詳しい原因は不明で、発生を避けることもできない。
166,166,食神のかまど,バキューム,albut3,albut3,ばきゅーむ,パンモドキが巣に近い場所で物を掴んだとき、自分の巣に吸い寄せるように持ち帰る事象。物を掴むタイミングのほか、ピクミンが巣の近くで物に加勢しても発生するので注意が必要。
167,167,食神のかまど,死体マニア,albut3,albut3,したいまにあ,パンモドキがなぜか宝よりも死骸を取りたがること。検証してないけど有意差があると思う
168,168,三色試練場,三色試練場の法則,albut3,albut3,さんしょくしれんじょうのほうそく,下図で、沸きタマゴムシはタマゴがある場所よりも小さい番号にしか出ないという法則。不時着氏によって広められた。
169,169,三色試練場,珍しい場所,albut3,albut3,めずらしいばしょ,ステージ中央付近にあるL字壁の角に宝が置かれていること。埋まり宝も存在することがあり、袋小路を全て探したのに見つからない場合はここに埋まっている。
170,170,炎と水の試練場,ヤキチャ不在,albut3,albut3,やきちゃふざい,土管部屋が2つある地形のこと。これを引くとヤキチャッピーが存在せず、脱出不可能。
171,171,炎と水の試練場,2308,albut3,albut3,にせんさんびゃくはち,B1でショイグモが1体見つかっていない状態で全回収した金額。2308にならないように細心の注意を払おう。
172,172,炎と水の試練場,ガバプール,albut3,albut3,がばぷーる,B2地形の水の部分のこと。陸地を処理しているときにガバると赤ピクミンが転落する。大体の場合青ピクミンを投げることでしか救うことができない。
173,173,炎と水の試練場,隣接 / 両隣接,albut3,albut3,りんせつりょうりんせつ,B2で拠点に水槽部屋が隣接することを隣接という。引けるとタイムが早くなる。水槽部屋の隣接に加えて、ブタドックリorテンテンチャッピーがいる小部屋も拠点に隣接することを両隣接（8.9%）といい、B2の理想地形である。
174,174,鼻息の洞穴,フーセン落とし,albut3,albut3,ふーせんおとし,B2でフーセンドックリ、アオケダタラを場外に落とすこと。ゲキニガスプレーか紫ピクミンを使って落とすのが一般的。ゲキニガスプレーの場合は全身が場外にいないと落とせない。紫を使う場合は笛で呼び戻せる場所に付けないといけない。
175,175,鼻息の洞穴,最強のフーセンドックリ,albut3,albut3,さいきょうのふーせんどっくり,B2でフーセンドックリやアオケダタラを落とすとき、十分な大きさの穴が開いてないと奈落まで落ちない。例えば真ん中の空洞などは途中で引っかかってしまう。そのうえ付いたピクミンを奈落死させてくるので引っかかる場所には落としてはいけない。陸地に誘導する。
176,176,巨人のトイレ,手前白ポン,albut3,albut3,てまえしろぽん,B2で拠点そばにしか白ポンガシグサがない配置。普通よりもタイムが悪くなる。
177,177,巨人のトイレ,すり抜け,albut3,albut3,すりぬけ,B2ケメクジの背中の弱点にピクミンが当たりにくくなる現象。ケメクジが移動した瞬間にリーダー交代で動きを止めると発生しやすいと推測されるが詳しい原理は不明。本編でも発生する。
178,178,土とんの洞窟,3274/3349,albut3,albut3,さんぜんいひゃくななじゅうよんさんぜんさんびゃくよんじゅうきゅう,B1の全回収金額はウジンコとトビンコの数によって変動する。3349はB1の最大金額（ウジ♂が6匹出たとき）で、3274は最低金額（トビンコが6匹出たとき）。3274、3298～3299、3322～3324、3346～3349ポコがある。
179,179,土とんの洞窟,オブジェ,albut3,albut3,おぶじぇ,アカヘビガラスが潜るとき、飛び上がって頭がちょうど地面を通過するタイミングで石化することで隊列操作で頭に攻撃を通せるようになる技。頭の中でもくちばし寄りの位置が通過するときに石化しなければ成功しないため難しい。
180,180,地底警備室,水晶に異常な興味を示すやつ,albut3,albut3,すいしょうにいじょうなきょうみをしめすやつ,クマチャッピーがノー・フューチャーにハマって移動できない状態になっていること。高頻度で発生する。こちらから近づかないと引きはがせないのでタイムが遅くなってしまう。
181,181,ひみつの花園,隔離スタート / 水路スタート,albut3,albut3,かくりすたーとすいろすたーと,スタート位置は2種類あり、孤立した空間から始まるものを隔離スタート、水路から始まるものを水路スタートという。
182,182,ひみつの花園,隔離ポポ / 42配置,albut3,albut3,かくりぽぽよんじゅうにはいち,隔離された空間にポポガシグサが出てくる配置は、隔離ポポあるいは42配置と呼ばれる。行くのに時間がかかるうえに使えないピクミンが生じるのでタイムロスになる。水路スタートの場合は隔離された空間が2つあるので隔離ポポの確率がやや高い
183,183,ひみつの花園,全討伐,albut3,albut3,ぜんとうばつ,サンショクシジミ24匹を全て討伐すること。当然高スコアが期待できるが難しい
184,184,さらいの洞窟,さらい山,albut3,albut3,さらいやま,中央にある螺旋が特徴的な地形パーツのこと。さらい山の手前側だけに敵や宝があると特に良い配置である。さらい山の頂上に敵がいると大体ろくなことにならない。
185,185,さらいの洞窟,クロワッサン,albut3,albut3,くろわっさん,ピクミンを誘導して上に登らせる高台がある地形パーツのこと。天罰の穴にも同様の地形がある。ちなみにクロワッサンに置いてある宝はピクミン誘導を使わなくても直接上に届く。
186,186,さらいの洞窟,石化吸い込み,albut3,albut3,せきかすいこみ,オオマンマン吸い込みの際に足元に向けて走りながらゲキニガスプレーを噴射すると、リーダー吸い込み→石化の順で発生するという技。オオマンマンは石化状態でレバガチャで脱出すると粉砕して倒すことができる仕様があるため、それに繋げることができる。
187,187,さらいの洞窟,さらい消失,albut3,albut3,さらいしょうしつ,サライムシが存在しない配置のこと。ちなみにさらい山がない地形（クロワッサン＋広場が接続）の場合は必ずサライムシが存在する。
188,188,さらいの洞窟,サクレ調整,albut3,albut3,さくれちょうせい,サクレウラメはHPが半分を下回ると落としてから復帰までが早くなる仕様がある。そのため、浮き上がりの演出までにギリギリHP半分切らない程度のピクミン量を付けることで放置討伐を狙うことができる。
189,189,秘密兵器実験場,ブラジル / 邂逅,albut3,albut3,ぶらじるかいこう,B1拠点から遠く離れた場所でタマコキンと出会うこと
190,190,秘密兵器実験場,対岸,albut3,albut3,たいがん,B2で拠点の近くから見えるが遠回りしないと行くことができない袋小路のこと。拠点からダッシュ投げを使うと宝を運び出すことができる。wiiは普通に投げるだけで届く
191,191,秘密兵器実験場,手前おやじ / 対岸おやじ,albut3,albut3,てまえおやじたいがんおやじ,B2では重さ30の宝（おやじのおもいで）の位置が特に重要であり、近い2箇所にある場合は手前おやじ（良い配置）、対岸にある場合は対岸おやじと呼ばれる。
192,192,倍々ゲームの穴,初手入れ,albut3,albut3,しょていれ,B1で赤から色が変わらないうちにポポガシグサに入れること。カメラに入れた瞬間にピクミンを投げる必要がある。GCだとダッシュ投げを使う必要があり練習が必要。
193,193,倍々ゲームの穴,赤100戦法,albut3,albut3,あかひゃくせんぽう,赤ピクミンを100匹作ってB3に行く戦法。青ピクミンが必要な配置を引いた瞬間にゲームエンドする代わりに、青が必要ない配置を引くと非常に早い。
194,194,倍々ゲームの穴,寝起きドッキリ / 寝起きチャレンジ,albut3,albut3,ねおきどっきりねおきちゃれんじ,B2で壁のすぐ近くで寝ているアカチャッピーに対して、壁作業を終えたピクミンが自動で突っ込んでいくこと。放置しているだけで高確率でアカチャッピーを倒すことができるが、たまに食べられる。
195,195,倍々ゲームの穴,たまご10個,albut3,albut3,たまごじゅっこ,B3でタマゴ10個が置いてある配置のこと。2^32通りの乱数の中から1つなので誰も見たことがないし今後も見れないだろう。人類の夢として語られる
196,196,天罰の穴,ケヤキ,albut3,albut3,けやき,ケチャッピーとヤキチャッピーをまとめてこう呼ぶ。両方手前、あるいは両方奥にいることを伝えるためによく使われる。
197,197,天罰の穴,1匹旅戦法,albut3,albut3,いっぴきたびせんぽう,1匹だけ奥に連れて行き、ねぶくろで帰還することで脅威を先に排除しておく戦法。ねぶくろは常にカメラに入れておかないとサクレショイグモが起爆しにくい。改良版で、5匹奥に連れて行き、アカコチャッピーがいる切り株に4匹投げて残り1匹で帰還する戦法もある。こちらも1匹旅戦法と呼ばれることが多い。
198,198,天罰の穴,絶対見つからない場所 / 例の場所,albut3,albut3,ぜったいみつからないばしょれいのばしょ,キショイグモは運搬物が通過しないと出てこないが、通常はモノが通過しないような場所に割り当てられているときがある。絶対見つからない場所は、狭義には図の赤矢印の場所を指し、ねぶくろを使って意図的にその場所を通らないと出すことができない。また、奥の青矢印の場所も注意が必要。
199,199,どっすん迷路,場外 / 落下エレキ,albut3,albut3,じょうがいらっかえれき,エレキムシが場外に降ってきてそのまま落下していくこと。宝は出てくるが死骸がなくなるため、30点の損失になる。タマゴムシを引いたときに落下すると泣く。
200,200,どっすん迷路,3部屋 / 4部屋,albut3,albut3,さんへやよんへや,拠点がある部屋を除いて3部屋（4部屋）存在する地形のこと。3部屋の場合は土管通路が1つしか生成されず、2土管と比べて良い地形であるとされる。4部屋は土管通路が存在しない地形であり、キショイグモが消失するのでスコアアタックはできない。
201,201,どっすん迷路,壁貫通,albut3,albut3,かべかんつう,壁に密着してから、壁に向かって遠投するとピクミンが壁の向こう側に突き抜ける現象。これを使うと部屋近くの壁でもアメボウズの脅威から逃れつつ壁を崩すことができるうえ、壁を崩した後にメダルを勝手に運んでくれる確率が上がるので、アメボウズが出る前に1匹仕込んでいくと有効（放置しすぎると壁が崩れてしまい潰される可能性あり）。おそらくこの戦法を実用できるのはWiiのみ。
202,202,どっすん迷路,ローラーキル,albut3,albut3,ろーらーきる,部屋の敵を出すだけ出してから画面外にして放置し、アメボウズに全員倒してもらう戦法。エレキムシはひっくり返したまま画面外にする必要があり、また近くにピクミンやリーダーが居てはいけない。ゲキニガスプレーを使うと簡単に画面外にすることができる。轢いてくれるかどうかはアメボウズ次第。
203,203,どっすん迷路,3112,albut3,albut3,さんぜんひゃくじゅうに,エレキムシが1体見つかっていない状態で全回収した金額。よく見る。要注意
204,204,どっすん迷路,共に歩む,albut3,albut3,ともにあゆむ,アメボウズが直立姿勢のままゆっくり移動する事象。発生条件はよくわかっていない。名称はアメボウズの移動速度が紫の運搬速度とほぼ等速であることから。
205,205,スナイパールーム,2バケツ,albut3,albut3,にばけつ,バケツ部屋が2つ存在すること。フタクチドックリがバケツの上に出現する。かなり悪い地形だが袋小路の数が普通より多く、タマゴが2個以上ある確率が少し高い。拠点となりのバケツ部屋が遠回りの場所にあるときは遠回り2バケツと呼ばれ、最悪である。2バケツはロード時間が通常より少し長いため、開幕のロード画面の長さで判別できる。
206,206,スナイパールーム,ふたまた,albut3,albut3,ふたまた,拠点にバケツ部屋とフタクチ部屋の両方が隣接している地形。悪いふたまた（遠いほうにバケツ部屋）と良いふたまた（近い方にバケツ部屋）の2種類あり、後者は良地形である。悪いふたまたは配置による。
207,207,デメマダラの巣窟,珍しい方スタート,albut3,albut3,めずらしいほうすたーと,B2で普通とは逆側からスタートすること（13.6%）。普通のスタートより植物が少なく、少し狭い部屋であることが特徴。珍しいスタートの方が奥にコチャッピー類がいる確率が高く、またクマチャッピーが奥に居座りやすいので基本的に悪い事象。手前クマチャッピー奥散歩罪 B2で手前側の部屋にクマチャッピーが居て、それが開幕で奥の部屋に向かって歩いていくこと。大きなタイムロスとなる。同類の用語として、奥クマチャッピー奥居座り罪がある。
208,208,デメマダラの巣窟,手前クマチャッピー奥散歩罪,albut3,albut3,てまえくまちゃっぴーおくさんぽざい,B2で手前側の部屋にクマチャッピーが居て、それが開幕で奥の部屋に向かって歩いていくこと。大きなタイムロスとなる。同類の用語として、奥クマチャッピー奥居座り罪がある。
209,209,デメマダラの巣窟,1ターンキル,albut3,albut3,わんたーんきる,クイーンチャッピーを転がり攻撃なしで倒すこと。HPが一定値を下回るとAIがリセットされる原理が影響しており、人間には制御できない。が、開幕からの動きを固定化することである程度再現できる。
210,210,デメマダラの巣窟,1.33ターンキル,albut3,albut3,いってんさんさんたーんきる,クイーンチャッピーが転がり、壁に当たった瞬間に隊列を押し付け、HPを削り切ること。最初に逆側に転がって戻ってきたときに削り切った場合は1.66ターンキルになる。削り切れないとすごいことになる。また、削り切れても運が悪いと犠牲が出る可能性がある。
211,211,デメマダラの巣窟,良い方スタート / 悪い方スタート,albut3,albut3,いいほうすたーとわるいほうすたーと,B5ですぐ近くに水たまりがある場所からスタートすることを悪い方スタート、広場っぽい感じの場所からスタートすることを良い方スタートという。この2つは10点程度の差がある。
