stage_id,stage_name,eng_stage_name,stage_sub,type,display,series,parent,time,treasure,pikmin,border1,border2,border3,border4
1,全総合ランキング,All Overall Ranking,総合ランキング,total,int,0,0,0,0,0,0,0,0,0
2,通常総合ランキング,Normal Overall Ranking,総合ランキング,total,int,0,1,0,0,0,0,0,0,0
3,特殊総合ランキング,Special Overall Ranking,総合ランキング,total,int,0,1,0,0,0,0,0,0,0
4,期間限定総合ランキング,Limited Events Overall Ranking,総合ランキング,total,int,0,0,0,0,0,0,0,0,0
10,ピクミン1総合ランキング,Pikmin 1 overall ranking,総合ランキング,total,int,1,2,0,0,0,0,0,0,0
11,ピクミン1全回収タイムアタック総合ランキング,Pikmin 1 All Recovery Time Attack Overall ranking,総合ランキング,total,int,1,3,0,0,0,0,0,0,0
20,ピクミン2総合ランキング,Pikmin 2 overall ranking,総合ランキング,total,int,2,2,0,0,0,0,0,0,0
21,ピクミン2タマゴあり総合ランキング,Pikmin 2 with eggs overall ranking,総合ランキング,total,int,2,2,0,0,0,0,0,0,0
22,ピクミン2タマゴなし総合ランキング,Pikmin 2 without egg overall ranking,総合ランキング,total,int,2,2,0,0,0,0,0,0,0
23,ピクミン2タマゴムシ縛り総合ランキング,Pikmin 2 with No Mitite overall ranking,総合ランキング,total,int,2,3,0,0,0,0,0,0,0
24,ピクミン2スプレー縛り総合ランキング,Pikmin 2 with No Spray Overall ranking,総合ランキング,total,int,2,3,0,0,0,0,0,0,0
25,ピクミン2本編地下総合ランキング,Pikmin 2 underground overall ranking,総合ランキング,total,int,2,3,0,0,0,0,0,0,0
26,ピクミン2 2Pチャレンジ総合ランキング,Pikmin 2 2P challenge overall ranking,総合ランキング,total,int,2,3,0,0,0,0,0,0,0
27,ピクミン2実機無差別級総合ランキング,Pikmin 2 real machine indiscriminate class overall ranking,総合ランキング,total,int,2,3,0,0,0,0,0,0,0
28,ピクミン2TAS総合ランキング,Pikmin 2 TAS overall ranking,総合ランキング,total,int,2,3,0,0,0,0,0,0,0
29,ピクミン2ソロバトル総合ランキング,Pikmin 2 solo battle overall ranking,総合ランキング,total,int,2,3,0,0,0,0,0,0,0
30,ピクミン3総合ランキング,Pikmin 3 overall ranking,総合ランキング,total,int,3,2,0,0,0,0,0,0,0
31,ピクミン3「お宝をあつめろ！」総合ランキング,"Pikmin 3 ""Collect the Treasure!"" Overall ranking",総合ランキング,total,int,3,2,0,0,0,0,0,0,0
32,ピクミン3「原生生物をたおせ！」総合ランキング,"Pikmin 3 ""Defeat the Enemy!"" Overall ranking",総合ランキング,total,int,3,2,0,0,0,0,0,0,0
33,ピクミン3「巨大生物をたおせ！」総合ランキング,"Pikmin 3 ""Defeat the giant creatures!"" Overall ranking",総合ランキング,total,int,3,2,0,0,0,0,0,0,0
34,ピクミン3 2Pミッション総合ランキング,Pikmin 3 2P mission overall ranking,総合ランキング,total,int,3,3,0,0,0,0,0,0,0
35,ピクミン3ソロビンゴ総合ランキング,Pikmin 3 Solo Bingo Overall ranking,総合ランキング,total,int,3,3,0,0,0,0,0,0,0
36,ピクミン3「サイドストーリー」総合ランキング,"Pikmin 3 ""Side Story"" Overall ranking",総合ランキング,total,int,3,2,0,0,0,0,0,0,0
40,ピクミン4総合ランキング,Pikmin 4 Overall ranking,総合ランキング,total,int,4,2,0,0,0,0,0,0,0
41,ピクミン4 ダンドリチャレンジ総合ランキング,Pikmin 4 Overall ranking,総合ランキング,total,int,4,2,0,0,0,0,0,0,0
42,ピクミン4 ダンドリバトル総合ランキング,Pikmin 4 Overall ranking,総合ランキング,total,int,4,2,0,0,0,0,0,0,0
43,ピクミン4 葉っぱ仙人の挑戦状総合ランキング,Pikmin 4 Overall ranking,総合ランキング,total,int,4,2,0,0,0,0,0,0,0
101,遭難地点,The Impact Site,ピクミン チャレンジモード,stage,int,1,10,648,278,9,0,0,0,0
102,希望の森,The Forest of Hope,ピクミン チャレンジモード,stage,int,1,10,1134,569,9,0,0,0,0
103,樹海のヘソ,The Forest Navel,ピクミン チャレンジモード,stage,int,1,10,972,482,15,0,0,0,0
104,大水源,The Distant Spring,ピクミン チャレンジモード,stage,int,1,10,1134,752,15,0,0,0,0
105,最後の試練,The Final Trial,ピクミン チャレンジモード,stage,int,1,10,810,299,100,0,0,0,0
201,こてしらべの洞窟,Explorer's Cave,ピクミン2 チャレンジモード,stage,int,2,21,200,3442,50,35125,35150,35200,35270
202,新参者の試練場,Novice Training,ピクミン2 チャレンジモード,stage,int,2,21,340,3725,30,37825,37875,37900,37950
203,神々のおもちゃ箱,Lost Toy Box,ピクミン2 チャレンジモード,stage,int,2,22,250,4713,100,48275,48280,48290,48300
204,あのひとの庭,Creator's Garden,ピクミン2 チャレンジモード,stage,int,2,22,180,1334,50,13950,13955,13965,13970
205,グリーンホール,Green Hole,ピクミン2 チャレンジモード,stage,int,2,21,185,1087,50,11550,11565,11585,11640
206,地下の温室,Hot House,ピクミン2 チャレンジモード,stage,int,2,21,200,891,35,9360,9390,9410,9480
207,鉄人の穴,Brawny Abyss,ピクミン2 チャレンジモード,stage,int,2,21,230,1423,50,14860,14885,14910,14960
208,赤の洞窟,Red Chasm,ピクミン2 チャレンジモード,stage,int,2,22,130,1840,40,18850,18855,18865,18875
209,花畑を荒らすもの,Trampled Garden,ピクミン2 チャレンジモード,stage,int,2,22,145,5001,80,50870,50875,50880,50895
210,たそがれの庭,Twilight Garden,ピクミン2 チャレンジモード,stage,int,2,22,145,2616,50,26745,26750,26755,26760
211,かくしもちの洞窟,Cryptic Cavern,ピクミン2 チャレンジモード,stage,int,2,22,300,826,10,8510,8520,8530,8540
212,コンクリート迷路,Concrete Maze,ピクミン2 チャレンジモード,stage,int,2,21,220,460,18,4885,4910,4940,4970
213,コレクタールーム,Collector's Room,ピクミン2 チャレンジモード,stage,int,2,22,305,4774,50,48370,48380,48390,48400
214,ショイグモの巣,Dweevil Nest,ピクミン2 チャレンジモード,stage,int,2,22,180,1722,100,18325,18330,18335,18345
215,大足の穴,Cavernous Abyss,ピクミン2 チャレンジモード,stage,int,2,22,200,561,50,6240,6245,6250,6255
216,食神のかまど,Snack Pit,ピクミン2 チャレンジモード,stage,int,2,22,150,564,25,5980,5985,5990,5995
217,三色試練場,Three Color Training,ピクミン2 チャレンジモード,stage,int,2,21,230,1574,60,16535,16580,16630,16675
218,炎と水の試練場,Hazard Training,ピクミン2 チャレンジモード,stage,int,2,21,400,5317,50,53860,53880,53900,53985
219,鼻息の洞穴,Cave of Snarls,ピクミン2 チャレンジモード,stage,int,2,22,250,1103,50,11680,11690,11700,11710
220,巨人のトイレ,The Giant's Bath,ピクミン2 チャレンジモード,stage,int,2,21,350,1470,50,15430,15460,15480,15530
221,土とんの洞窟,Rumbling Grotto,ピクミン2 チャレンジモード,stage,int,2,22,290,3464,60,35380,35395,35410,35425
222,地底警備室,Subterranean Lair,ピクミン2 チャレンジモード,stage,int,2,22,90,1378,60,14415,14420,14425,14430
223,ひみつの花園,The Hidden Garden,ピクミン2 チャレンジモード,stage,int,2,22,200,921,50,9950,9975,9990,10025
224,さらいの洞窟,Abduction Den,ピクミン2 チャレンジモード,stage,int,2,22,180,1361,60,14300,14310,14320,14335
225,秘密兵器実験場,Secret Testing Range,ピクミン2 チャレンジモード,stage,int,2,22,250,2734,50,27990,28000,28005,28015
226,倍々ゲームの穴,Breeding Ground,ピクミン2 チャレンジモード,stage,int,2,21,430,3144,100,32580,32600,32620,32700
227,天罰の穴,Cave of Pain,ピクミン2 チャレンジモード,stage,int,2,22,160,978,50,10360,10370,10385,10390
228,どっすん迷路,Bully Den,ピクミン2 チャレンジモード,stage,int,2,21,300,3200,25,32550,32575,32600,32700
229,スナイパールーム,Sniper Room,ピクミン2 チャレンジモード,stage,int,2,21,255,3252,50,33200,33220,33240,33265
230,デメマダラの巣窟,Emperor's Realm,ピクミン2 チャレンジモード,stage,int,2,21,500,3097,74,32050,32075,32100,32210
231,始まりの洞窟,Emergence Cave,ピクミン2 本編地下チャレンジ,stage,int,2,25,360,480,15,0,0,0,0
232,地下の秘密基地,Subterranean Complex,ピクミン2 本編地下チャレンジ,stage,int,2,25,1920,1480,27,0,0,0,0
233,辺境の洞窟,Frontier Cavern,ピクミン2 本編地下チャレンジ,stage,int,2,25,1800,1395,24,0,0,0,0
234,けだものの穴,Hole of Beasts,ピクミン2 本編地下チャレンジ,stage,int,2,25,720,1100,15,0,0,0,0
235,白い花園,White Flower Garden,ピクミン2 本編地下チャレンジ,stage,int,2,25,840,520,15,0,0,0,0
236,デメマダラの王国,Bulblax Kingdom,ピクミン2 本編地下チャレンジ,stage,int,2,25,1200,1240,21,0,0,0,0
237,ヘビガラスの穴,Snagret Hole,ピクミン2 本編地下チャレンジ,stage,int,2,25,1800,1275,21,0,0,0,0
238,クモの根城,Citadel of Spiders,ピクミン2 本編地下チャレンジ,stage,int,2,25,1320,725,15,0,0,0,0
239,食神の台所,Glutton's Kitchen,ピクミン2 本編地下チャレンジ,stage,int,2,25,1680,1100,20,0,0,0,0
240,シャワールーム,Shower Room,ピクミン2 本編地下チャレンジ,stage,int,2,25,1680,1140,21,0,0,0,0
241,水中の城,Submerged Castle,ピクミン2 本編地下チャレンジ,stage,int,2,25,1560,620,15,0,0,0,0
242,混沌の魔窟,Cavern of Chaos,ピクミン2 本編地下チャレンジ,stage,int,2,25,2040,2401,30,0,0,0,0
243,百戦錬磨の穴,Hole of Heroes,ピクミン2 本編地下チャレンジ,stage,int,2,25,1560,2135,45,0,0,0,0
244,夢の穴,Dream Den,ピクミン2 本編地下チャレンジ,stage,int,2,25,2520,5825,42,0,0,0,0
245,おてがるコース,Battle Field,ピクミン2 2Pバトルモード,stage,speedrun,2,29,0,0,0,0,0,0,0
246,せま～いコース,War Path,ピクミン2 2Pバトルモード,stage,speedrun,2,29,0,0,0,0,0,0,0
247,ひろびろコース,Carpet Plain,ピクミン2 2Pバトルモード,stage,speedrun,2,29,0,0,0,0,0,0,0
248,カクカクコース,Angle Maze,ピクミン2 2Pバトルモード,stage,speedrun,2,29,0,0,0,0,0,0,0
249,うじゃうじゃコース,Colosseum,ピクミン2 2Pバトルモード,stage,speedrun,2,29,0,0,0,0,0,0,0
250,ひやひやコース,Rusty Gulch,ピクミン2 2Pバトルモード,stage,speedrun,2,29,0,0,0,0,0,0,0
251,のびのびコース,Brawl Yard,ピクミン2 2Pバトルモード,stage,speedrun,2,29,0,0,0,0,0,0,0
252,タイルコース,Tile Lands,ピクミン2 2Pバトルモード,stage,speedrun,2,29,0,0,0,0,0,0,0
253,めいろコース,Dim Labyrinth,ピクミン2 2Pバトルモード,stage,speedrun,2,29,0,0,0,0,0,0,0
254,からくちコース,Hostile Territory,ピクミン2 2Pバトルモード,stage,speedrun,2,29,0,0,0,0,0,0,0
301,原生の杜,Tropical Forest,ピクミン3 ミッションモード「お宝をあつめろ！」,stage,int,3,31,420,2110,50,0,0,8100,0
302,白銀の泉,Silver Lake,ピクミン3 ミッションモード「お宝をあつめろ！」,stage,int,3,31,480,2920,89,0,0,9900,0
303,渇きの砂,Thirsty Desert,ピクミン3 ミッションモード「お宝をあつめろ！」,stage,int,3,31,600,3340,80,0,0,12600,0
304,落葉の回廊,Twilight Hollow,ピクミン3 ミッションモード「お宝をあつめろ！」,stage,int,3,31,600,3240,80,0,0,10800,0
305,草花の園,Shaded Garden,ピクミン3 ミッションモード「お宝をあつめろ！」,stage,int,3,31,420,3180,100,0,0,9900,0
306,続・原生の杜,Tropical Forest Remix,ピクミン3 ミッションモード「お宝をあつめろ！」,stage,int,3,31,420,1810,62,0,0,9900,0
307,続・白銀の泉,Silver Lake Remix,ピクミン3 ミッションモード「お宝をあつめろ！」,stage,int,3,31,540,3000,80,0,0,9900,0
308,続・渇きの砂,Thirsty Desert Remix,ピクミン3 ミッションモード「お宝をあつめろ！」,stage,int,3,31,420,5125,35,0,0,11700,0
309,続・落葉の回廊,Twilight Hollow Remix,ピクミン3 ミッションモード「お宝をあつめろ！」,stage,int,3,31,540,3300,80,0,0,10800,0
310,続・草花の園,Shaded Garden Remix,ピクミン3 ミッションモード「お宝をあつめろ！」,stage,int,3,31,480,2400,96,0,0,10800,0
311,冬の贈りもの,Fortress of Festivity,ピクミン3 ミッションモード「お宝をあつめろ！」,stage,int,3,31,720,5900,64,0,0,16200,0
312,工事現場ドリーム,The Rustyard,ピクミン3 ミッションモード「お宝をあつめろ！」,stage,int,3,31,420,1950,53,0,0,8100,0
313,ピクアリウム,Beastly Cavern,ピクミン3 ミッションモード「お宝をあつめろ！」,stage,int,3,31,720,3500,30,0,0,11700,0
314,思いでの砂浜,Forgotten Cove,ピクミン3 ミッションモード「お宝をあつめろ！」,stage,int,3,31,660,3480,100,0,0,11700,0
315,機械仕掛けのブルース,Clockwork Chasm,ピクミン3 ミッションモード「お宝をあつめろ！」,stage,int,3,31,780,2185,75,0,0,13500,0
316,原生の杜,Tropical Forest,ピクミン3 ミッションモード「原生生物をたおせ！」,stage,int,3,32,420,650,18,0,0,8100,0
317,白銀の泉,Silver Lake,ピクミン3 ミッションモード「原生生物をたおせ！」,stage,int,3,32,480,720,28,0,0,9900,0
318,渇きの砂,Thirsty Desert,ピクミン3 ミッションモード「原生生物をたおせ！」,stage,int,3,32,480,520,18,0,0,10800,0
319,落葉の回廊,Twilight Hollow,ピクミン3 ミッションモード「原生生物をたおせ！」,stage,int,3,32,540,465,22,0,0,9900,0
320,草花の園,Shaded Garden,ピクミン3 ミッションモード「原生生物をたおせ！」,stage,int,3,32,540,685,26,0,0,9900,0
321,続・始まりの森,Tropical Wilds Remix,ピクミン3 ミッションモード「原生生物をたおせ！」,stage,int,3,32,780,935,27,0,0,6300,0
322,続・再開の花園,Garden of Hope Remix,ピクミン3 ミッションモード「原生生物をたおせ！」,stage,int,3,32,420,830,25,0,0,3600,0
323,続・迷いの雪原,Distant Tundra Remix,ピクミン3 ミッションモード「原生生物をたおせ！」,stage,int,3,32,540,760,40,0,0,4500,0
324,続・交わりの渓流,Twilight River Remix,ピクミン3 ミッションモード「原生生物をたおせ！」,stage,int,3,32,600,555,20,0,0,4500,0
325,続・哀しき獣の塔,Formidable Oak Remix,ピクミン3 ミッションモード「原生生物をたおせ！」,stage,int,3,32,355,1000,30,0,0,3600,0
326,冬の贈りもの,Fortress of Festivity,ピクミン3 ミッションモード「原生生物をたおせ！」,stage,int,3,32,450,690,45,0,0,3600,0
327,工事現場ドリーム,The Rustyard,ピクミン3 ミッションモード「原生生物をたおせ！」,stage,int,3,32,360,345,20,0,0,3600,0
328,ピクアリウム,Beastly Cavern,ピクミン3 ミッションモード「原生生物をたおせ！」,stage,int,3,32,360,450,30,0,0,2700,0
329,思いでの砂浜,Forgotten Cove,ピクミン3 ミッションモード「原生生物をたおせ！」,stage,int,3,32,540,840,24,0,0,3600,0
330,機械仕掛けのブルース,Clockwork Chasm,ピクミン3 ミッションモード「原生生物をたおせ！」,stage,int,3,32,420,475,41,0,0,3600,0
331,お宝調査その１ 花園,Flower Garden,ピクミン3デラックス サイドストーリーモード,stage,int,3,36,540,800,0,0,0,0,0
332,お宝調査その２ 森の中,Inside Forest,ピクミン3デラックス サイドストーリーモード,stage,int,3,36,600,880,0,0,0,0,0
333,お宝調査その３ 渓流,River,ピクミン3デラックス サイドストーリーモード,stage,int,3,36,600,870,0,0,0,0,0
334,お宝調査その４ 雪原,Tundra,ピクミン3デラックス サイドストーリーモード,stage,int,3,36,720,1340,0,0,0,0,0
335,ピクミンとの再会,Pikmin Reunion,ピクミン3デラックス サイドストーリーモード,stage,int,3,36,480,1000,0,0,0,0,0
336,原生生物大掃除,Creature Hunting,ピクミン3デラックス サイドストーリーモード,stage,int,3,36,600,800,0,0,0,0,0
337,大地と海と大空と,"Land, Sea, and Sky",ピクミン3デラックス サイドストーリーモード,stage,int,3,36,720,700,0,0,0,0,0
338,ようやく発見！ １つ目のパーツ,First Part Found,ピクミン3デラックス サイドストーリーモード,stage,time,3,36,720,0,0,0,0,0,0
339,力を合わせて原生退治,Team Monster Hunt,ピクミン3デラックス サイドストーリーモード,stage,int,3,36,720,660,0,0,0,0,0
340,水のない水路,Channel Gone Dry,ピクミン3デラックス サイドストーリーモード,stage,int,3,36,840,1000,0,0,0,0,0
341,ルーイはどこへ…,Looking for Louie,ピクミン3デラックス サイドストーリーモード,stage,time,3,36,840,0,0,0,0,0,0
342,ビッグ・フルーツ・カーニバル,Big Fruit Carnival,ピクミン3デラックス サイドストーリーモード,stage,int,3,36,900,3250,0,0,0,0,0
343,またまた発見！ ２つ目のパーツ,Another Part Found,ピクミン3デラックス サイドストーリーモード,stage,time,3,36,780,0,0,0,0,0,0
344,ついに復活？ ドルフィン初号機,The Ship Restored,ピクミン3デラックス サイドストーリーモード,stage,int,3,36,780,2000,0,0,0,0,0
345,ヨロヒイモムカデ,Armored Mawdad,ピクミン3 ミッションモード「巨大生物をたおせ！」,stage,time,3,33,420,0,100,0,0,15,0
346,オオバケカガミ,Vehemoth Phosbat,ピクミン3 ミッションモード「巨大生物をたおせ！」,stage,time,3,33,720,0,100,0,0,60,0
347,オオスナフラシ,Sandbelching Meerslug,ピクミン3 ミッションモード「巨大生物をたおせ！」,stage,time,3,33,780,0,100,0,0,80,0
348,タテゴトハチスズメ,Scornet Maestro,ピクミン3 ミッションモード「巨大生物をたおせ！」,stage,time,3,33,600,0,100,0,0,90,0
349,ヌマアラシ,Quaggled Mireclops,ピクミン3 ミッションモード「巨大生物をたおせ！」,stage,time,3,33,900,0,100,0,0,60,0
350,アメニュウドウ,Plasm Wraith,ピクミン3 ミッションモード「巨大生物をたおせ！」,stage,time,3,33,720,0,100,0,0,160,0
351,こもれびの庭,Shaded Terrace,ピクミン3 ビンゴバトルモード,stage,speedrun,3,35,0,0,0,0,0,0,0
352,天地創造の小川,Stagnant Sea,ピクミン3 ビンゴバトルモード,stage,speedrun,3,35,0,0,0,0,0,0,0
353,地下の根城,Twisted Cavern,ピクミン3 ビンゴバトルモード,stage,speedrun,3,35,0,0,0,0,0,0,0
354,砂の都,Arid Metropolis,ピクミン3 ビンゴバトルモード,stage,speedrun,3,35,0,0,0,0,0,0,0
355,天と地の狭間,Rusted Labyrinth,ピクミン3 ビンゴバトルモード,stage,speedrun,3,35,0,0,0,0,0,0,0
356,積み木の城,Jigsaw Fortress,ピクミン3 ビンゴバトルモード,stage,speedrun,3,35,0,0,0,0,0,0,0
357,咲きみちた庭,Blooming Terrace,ピクミン3 ビンゴバトルモード,stage,speedrun,3,35,0,0,0,0,0,0,0
358,せせらぎの小川,Parched Brook,ピクミン3 ビンゴバトルモード,stage,speedrun,3,35,0,0,0,0,0,0,0
359,地下のオアシス,Buried Pond,ピクミン3 ビンゴバトルモード,stage,speedrun,3,35,0,0,0,0,0,0,0
360,砂上の王国,Sandbox Kingdom,ピクミン3 ビンゴバトルモード,stage,speedrun,3,35,0,0,0,0,0,0,0
361,鉄くずのブルース,Corroded Maze,ピクミン3 ビンゴバトルモード,stage,speedrun,3,35,0,0,0,0,0,0,0
362,積み木の迷路,Jigsaw Closseum,ピクミン3 ビンゴバトルモード,stage,speedrun,3,35,0,0,0,0,0,0,0
399,試しの砂浜,Sandbox,テスト用,stage,int,9,99,0,0,0,0,0,0,0
401,ダンドリ養成所,Dandori Day Care,ピクミン4 ダンドリチャレンジ,stage,int,4,41,300,140,0,0,0,0,0
402,炎と電気の実験室,Hotschock Canyon,ピクミン4 ダンドリチャレンジ,stage,int,4,41,420,160,0,0,0,0,0
403,石つぶて研究所,Rockaway Cellars,ピクミン4 ダンドリチャレンジ,stage,int,4,41,420,240,0,0,0,0,0
404,バスルーム演習場,Test Tubs,ピクミン4 ダンドリチャレンジ,stage,int,4,41,360,170,0,0,0,0,0
405,水わたりスクール,Ice-Cross Course,ピクミン4 ダンドリチャレンジ,stage,int,4,41,360,170,0,0,0,0,0
406,超重配送センター,Hefty Haulaway,ピクミン4 ダンドリチャレンジ,stage,int,4,41,420,350,0,0,0,0,0
407,天空の焼却炉,Aerial Incinerator,ピクミン4 ダンドリチャレンジ,stage,int,4,41,420,310,0,0,0,0,0
408,分業用冷蔵庫,Strategic Freezeway,ピクミン4 ダンドリチャレンジ,stage,int,4,41,420,180,0,0,0,0,0
409,テキパキ水族館,Planning Pools,ピクミン4 ダンドリチャレンジ,stage,int,4,41,420,230,0,0,0,0,0
410,ひらけゴマ道場,Toggle Training,ピクミン4 ダンドリチャレンジ,stage,int,4,41,420,240,0,0,0,0,0
411,断崖アスレチック,Cliff-Hanger's Hold,ピクミン4 ダンドリチャレンジ,stage,int,4,41,420,260,0,0,0,0,0
412,切磋琢磨のオアシス,Oasis of Order,ピクミン4 ダンドリチャレンジ,stage,int,4,41,360,250,0,0,0,0,0
413,こてしらべの戦い,Trial Run,ピクミン4 ダンドリバトル,stage,int,4,42,0,0,0,0,0,0,0
414,戦場のおもちゃ箱,Battle in a Box,ピクミン4 ダンドリバトル,stage,int,4,42,0,0,0,0,0,0,0
415,風雲ダンドリ城,Dandori Castle,ピクミン4 ダンドリバトル,stage,int,4,42,0,0,0,0,0,0,0
416,決戦のオアシス,Leafy Showdown,ピクミン4 ダンドリバトル,stage,int,4,42,0,0,0,0,0,0,0
417,熱砂の決闘場,Hot Sandy Duel,ピクミン4 ダンドリバトル,stage,int,4,42,0,0,0,0,0,0,0
418,最果ての闘技場,Final Battle,ピクミン4 ダンドリバトル,stage,int,4,42,0,0,0,0,0,0,0
419,初ダン 出目斑の根城,1st Story: Bulblaxes,ピクミン4 葉っぱ仙人の挑戦状,stage,time,4,43,0,0,0,0,0,0,0
420,弍ダン 雪達磨製作所,2nd Story: Snow Problem,ピクミン4 葉っぱ仙人の挑戦状,stage,time,4,43,0,0,0,0,0,0,0
421,参ダン 徒夢の採掘場,3rd Story: Dig Deep,ピクミン4 葉っぱ仙人の挑戦状,stage,time,4,43,0,0,0,0,0,0,0
422,肆ダン ダンドリ海舘,4th Story: Dandori Seas,ピクミン4 葉っぱ仙人の挑戦状,stage,time,4,43,0,0,0,0,0,0,0
423,伍ダン 白の免許皆傳,5th Story: The White Key,ピクミン4 葉っぱ仙人の挑戦状,stage,time,4,43,0,0,0,0,0,0,0
424,陸ダン からくりの砦,6th Story: Gimmick Gambit,ピクミン4 葉っぱ仙人の挑戦状,stage,time,4,43,0,0,0,0,0,0,0
425,漆ダン 一網打尽の庭,7th Story: One Fell Jump,ピクミン4 葉っぱ仙人の挑戦状,stage,time,4,43,0,0,0,0,0,0,0
426,捌ダン 急か急か台所,8th Story: Crowded Kitchen,ピクミン4 葉っぱ仙人の挑戦状,stage,time,4,43,0,0,0,0,0,0,0
427,玖ダン 淘汰の縄張り,9th Story: Turf Turmoil,ピクミン4 葉っぱ仙人の挑戦状,stage,time,4,43,0,0,0,0,0,0,0
428,終ダン 紫の免許皆傳,Final Story: The Purple Key,ピクミン4 葉っぱ仙人の挑戦状,stage,time,4,43,0,0,0,0,0,0,0
901,ピクミン2 本編クリアタイム短縮（借金返済）,In-game playtime (Pay off Dept.),その他,stage,time,2,91,0,0,0,0,0,0,0
902,ピクミン2 本編クリアタイム短縮（お宝全回収）,In-game playtime (All Treasure),その他,stage,time,2,91,0,0,0,0,0,0,0
903,ピクミン2 チャレンジ全クリア,Pikmin 2 Challenge Mode All Levels RTA,その他,stage,time,2,91,0,0,0,0,0,0,0
904,ピクミン2 チャレンジ全公式超え,Pikmin 2 Challenge Mode All Levels RTA (Over the Official Records),その他,stage,time,2,91,0,0,0,0,0,0,0
905,ピクミン2 チャレンジ総合70万点超え,Pikmin 2 Challenge Mode All Levels RTA (Over the 700k pts),その他,stage,time,2,91,0,0,0,0,0,0,0
906,ピクミン2 チャレンジ全回収,Pikmin 2 Challenge Mode All Tresure RTA,その他,stage,time,2,91,0,0,0,0,0,0,0
907,ピクミン2 本編全回収RTA with Missions,Pikmin 2 All Treasure RTA with Missions,その他,stage,time,2,91,0,0,0,0,0,0,0
908,ピクミン2 チャレンジ全ステージ全滅,Pikmin 2 Challenge Mode All Levels Extinction RTA,その他,stage,time,2,91,0,0,0,0,0,0,0
909,ピクミン2 チャレンジ総合701000点超え,Pikmin 2 Challenge Mode All Levels RTA (Over the 701k pts),その他,stage,time,2,91,0,0,0,0,0,0,0
910,ピクミン2 タイトル画面全滅,Pikmin 2 Title Screen Extinction RTA,その他,stage,time,2,91,0,0,0,0,0,0,0
911,ピクミン1 本編1000匹タイムアタック,Pikmin 1 Story Mode 1000 Pikmin RTA,その他,stage,time,1,91,0,0,0,0,0,0,0
912,ピクミン2 本編1000匹タイムアタック,Pikmin 2 Story Mode 1000 Pikmin RTA,その他,stage,time,2,91,0,0,0,0,0,0,0
913,ピクミン3 本編1000匹タイムアタック,Pikmin 3 Story Mode 1000 Pikmin RTA,その他,stage,time,3,91,0,0,0,0,0,0,0
914,ピクミン4 本編1000匹タイムアタック,Pikmin 4 Story Mode 1000 Pikmin RTA,その他,stage,time,4,91,0,0,0,0,0,0,0
1001,コンクリート迷路（タマゴなし）,Concrete Maze,第1回期間限定ランキング,stage,int,2,151101,0,0,0,0,0,0,0
1002,どっすん迷路（タマゴなし）,Bully Den,第1回期間限定ランキング,stage,int,2,151101,0,0,0,0,0,0,0
1003,地底警備室（スプレーなし）,Subtettanean Lair,第2回期間限定ランキング,stage,int,2,160306,0,0,0,0,0,0,0
1004,倍々ゲームの穴（12匹縛り),Breeding Ground,第2回期間限定ランキング,stage,int,2,160306,0,0,0,0,0,0,0
1005,遭難地点（20匹縛り),The Impact Site,第3回期間限定ランキング,stage,int,1,160319,0,0,0,0,0,0,0
1006,花園を荒らすもの（90秒縛り),Trampled Garden,第3回期間限定ランキング,stage,int,2,160319,0,0,0,0,0,0,0
1007,希望の森（青黄30匹）,The Forest of Hope,第4回期間限定ランキング,stage,int,1,160423,0,0,0,0,0,0,0
1008,天罰の穴（近視縛り）,Cave of Pain,第4回期間限定ランキング,stage,int,2,160423,0,0,0,0,0,0,0
1009,秘密兵器実験場（スプレーなし）,Secret Testing Range,第5回期間限定ランキング,stage,int,2,160430,0,0,0,0,0,0,0
1010,神々のおもちゃ箱（999ポコ）,Lost Toy Box,第5回期間限定ランキング,stage,int,2,160430,0,0,0,0,0,0,0
1011,食神のかまど（Aボタン縛り）,Snack Pit,第5回期間限定ランキング,stage,int,2,160430,0,0,0,0,0,0,0
1012,こてしらべの洞窟（片手縛り）,Explorer's Cave,第5回期間限定ランキング,stage,int,2,160430,0,0,0,0,0,0,0
1013,あのひとの庭（スプレーなし）,Creator's Garden,第6回期間限定ランキング,stage,int,2,160806,0,0,0,0,0,0,0
1014,樹海のヘソ（45匹縛り）,The Forest Navel,第6回期間限定ランキング,stage,int,1,160806,0,0,0,0,0,0,0
1015,炎と水の試練場(スプレーなし),Hazard Training,第7回期間限定ランキング,stage,int,2,170101,0,0,0,0,0,0,0
1016,土とんの洞窟(120秒縛り),Rumbling Grotto,第7回期間限定ランキング,stage,int,2,170101,0,0,0,0,0,0,0
1017,巨人のトイレ(Yボタン縛り),The Giant's Bath,第7回期間限定ランキング,stage,int,2,170101,0,0,0,0,0,0,0
1018,スナイパールーム（ノーキル）,Sniper Room,第7回期間限定ランキング,stage,int,2,170101,0,0,0,0,0,0,0
1019,新参者の試練場（基本縛り）,Novice Training,第8回期間限定ランキング,stage,int,2,170211,340,3725,30,0,0,0,0
1020,ショイグモの巣（遠視縛り）,Dweevil Nest,第8回期間限定ランキング,stage,int,2,170211,180,1722,100,0,0,0,0
1021,赤の洞窟（Aボタン縛り）,Red Chasm,第8回期間限定ランキング,stage,int,2,170211,130,1840,40,0,0,0,0
1022,さらいの洞窟（100秒縛り）,Abduction Den,第8回期間限定ランキング,stage,int,2,170211,180,1361,60,0,0,0,0
1023,地下の温室（3匹縛り）,Hot House,第9回期間限定ランキング,stage,int,2,170325,0,0,0,0,0,0,0
1024,三色試練場（90秒縛り）,Three Color Training,第9回期間限定ランキング,stage,int,2,170325,0,0,0,0,0,0,0
1025,大足の穴（R固定視点縛り）,Cavernous Abyss,第9回期間限定ランキング,stage,int,2,170325,0,0,0,0,0,0,0
1026,コレクタールーム（残35匹）,Collector's Room,第9回期間限定ランキング,stage,int,2,170325,0,0,0,0,0,0,0
1027,かくしもちの洞窟（逆さ持ち）,Cryptic Cavern,第9回期間限定ランキング,stage,int,2,170325,0,0,0,0,0,0,0
1028,鉄人の穴（200ポコ）,Brawny Abyss,第9回期間限定ランキング,stage,int,2,170325,0,0,0,0,0,0,0
1029,たそがれの庭（Bボタン縛り）,Twilight Garden,第10回期間限定ランキング,stage,int,2,170429,0,0,0,0,0,0,0
1030,ひみつの花園（100秒縛り）,The Hidden Garden,第10回期間限定ランキング,stage,int,2,170429,0,0,0,0,0,0,0
1031,鼻息の洞穴（スプレーなし）,Cave of Snarls,第10回期間限定ランキング,stage,int,2,170429,0,0,0,0,0,0,0
1032,グリーンホール（タマゴムシのみ）,Green Hole,第10回期間限定ランキング,stage,int,2,170429,0,0,0,0,0,0,0
1033,デメマダラの巣窟（500ポコ）,Emperor's Realm,第10回期間限定ランキング,stage,int,2,170429,0,0,0,0,0,0,0
1034,大水源（54匹縛り）,The Distant Spring,第10回期間限定ランキング,stage,int,1,170429,0,0,0,0,0,0,0
1035,最後の試練（赤なし）,The Final Trial,第10回期間限定ランキング,stage,int,1,170429,0,0,0,0,0,0,0
1036,どっすん迷路（アメ1残し）[全員],Bully Den,第11回期間限定ランキング,stage,int,2,171013,0,0,0,0,0,0,0
1037,花園を荒らすもの（4761ポコ）[全員],Trampled Garden,第11回期間限定ランキング,stage,int,2,171013,0,0,0,0,0,0,0
1038,鼻息の洞穴（紫禁止）[先鋒],Cave of Snarls,第11回期間限定ランキング,stage,int,2,171013,0,0,0,0,0,0,0
1039,あのひとの庭（石化討伐）[次鋒],Creator's Garden,第11回期間限定ランキング,stage,int,2,171013,0,0,0,0,0,0,0
1040,ショイグモの巣（残ピク減点）[副将],Dweevil Nest,第11回期間限定ランキング,stage,int,2,171013,0,0,0,0,0,0,0
1041,地底警備室（40秒）[大将],Subtettanean Lair,第11回期間限定ランキング,stage,int,2,171013,0,0,0,0,0,0,0
1042,こてしらべの洞窟（90秒）[ヘイ],Explorer's Cave,第11回期間限定ランキング,stage,int,2,171013,0,0,0,0,0,0,0
1043,食神のかまど（残ピク減点）,Snack Pit,第12回期間限定ランキング,stage,int,2,180101,0,0,0,0,0,0,0
1044,大足の穴（奥200ポコ）,Cavernous Abyss,第12回期間限定ランキング,stage,int,2,180101,0,0,0,0,0,0,0
1045,ひみつの花園（シジミ放置）,The Hidden Garden,第12回期間限定ランキング,stage,int,2,180101,0,0,0,0,0,0,0
1046,鉄人のトイレ（200秒縛り）,Brawny Abyss & The Giant's Bath,第12回期間限定ランキング,stage,int,2,180101,0,0,0,0,0,0,0
1047,コンクリート迷路（逆さ持ち）,Concrete Maze,第12回期間限定ランキング,stage,int,2,180101,0,0,0,0,0,0,0
1048,チャレンジモード（2018ポコ）,Pikmin 2 Challenge Mode,第12回期間限定ランキング,stage,int,2,180101,0,0,0,0,0,0,0
1049,神々の庭（150秒縛り）,Lost Toy Box & Twilight Garden,第12回期間限定ランキング,stage,int,2,180101,0,0,0,0,0,0,0
1050,土とんの洞窟（スプレー1種）,Rumbling Grotto,第12回期間限定ランキング,stage,int,2,180101,0,0,0,0,0,0,0
1051,どっすん迷路（第13回期間限定）,Bully Den,期間限定チャレンジ,stage,int,2,180901,0,0,0,0,0,0,0
1052,コンクリート迷路（第13回期間限定）,Concrete Maze,期間限定チャレンジ,stage,int,2,180901,0,0,0,0,0,0,0
1053,地下の温室（第13回期間限定）,Hot House,期間限定チャレンジ,stage,int,2,180901,0,0,0,0,0,0,0
1054,三色試練場（第13回期間限定）,Three Color Training,期間限定チャレンジ,stage,int,2,180901,0,0,0,0,0,0,0
1055,天罰の穴（攻撃縛り）,Cave of Pain,期間限定チャレンジ,stage,int,2,180901,0,0,0,0,0,0,0
1056,地底警備室（第13回期間限定）,Subtettanean Lair,期間限定チャレンジ,stage,int,2,180901,0,0,0,0,0,0,0
1057,さらいの洞窟（第13回期間限定）,Abduction Den,期間限定チャレンジ,stage,int,2,180901,0,0,0,0,0,0,0
1058,巨人のトイレ（第13回期間限定）,The Giant's Bath,期間限定チャレンジ,stage,int,2,180901,0,0,0,0,0,0,0
1059,あのひとの庭（80秒縛り）,Creator's Garden,期間限定チャレンジ,stage,int,2,180901,0,0,0,0,0,0,0
1060,こてしらべの洞窟（第13回期間限定）,Explorer's Cave,期間限定チャレンジ,stage,int,2,180901,0,0,0,0,0,0,0
1061,コレクタールーム（第13回期間限定）,Collector's Room,期間限定チャレンジ,stage,int,2,180901,0,0,0,0,0,0,0
1062,神々のおもちゃ箱（第13回期間限定）,Lost Toy Box,期間限定チャレンジ,stage,int,2,180901,0,0,0,0,0,0,0
1063,大足の穴（第13回期間限定）,Cavernous Abyss,期間限定チャレンジ,stage,int,2,180901,0,0,0,0,0,0,0
1064,花園を荒らすもの（第13回期間限定）,Trampled Garden,期間限定チャレンジ,stage,int,2,180901,0,0,0,0,0,0,0
1065,土とんの洞窟（第13回期間限定）,Rumbling Grotto,期間限定チャレンジ,stage,int,2,180901,0,0,0,0,0,0,0
1066,赤の洞窟（第13回期間限定）,Red Chasm,期間限定チャレンジ,stage,int,2,180901,0,0,0,0,0,0,0
1067,あのひとの庭（第13回期間限定）,Creator's Garden,期間限定チャレンジ,stage,int,2,180901,0,0,0,0,0,0,0
1068,炎と水の試練場（2222ポコ）,Hazard Training,期間限定チャレンジ,stage,int,2,180901,0,0,0,0,0,0,0
1069,秘密兵器実験場（第13回期間限定）,Secret Testing Range,期間限定チャレンジ,stage,int,2,180901,0,0,0,0,0,0,0
1070,ひみつの花園（第13回期間限定）,The Hidden Garden,期間限定チャレンジ,stage,int,2,180901,0,0,0,0,0,0,0
1071,天罰の穴（第13回期間限定）,Cave of Pain,期間限定チャレンジ,stage,int,2,180901,0,0,0,0,0,0,0
1072,鼻息の洞穴（第13回期間限定）,Cave of Snarls,期間限定チャレンジ,stage,int,2,180901,0,0,0,0,0,0,0
1073,ショイグモの巣（第13回期間限定）,Dweevil Nest,期間限定チャレンジ,stage,int,2,180901,0,0,0,0,0,0,0
1074,炎と水の試練場（第13回期間限定）,Hazard Training,期間限定チャレンジ,stage,int,2,180901,0,0,0,0,0,0,0
1075,たそがれの庭（第13回期間限定）,Twilight Garden,期間限定チャレンジ,stage,int,2,180901,0,0,0,0,0,0,0
1076,新参者の試練場（第13回期間限定）,Novice Training,期間限定チャレンジ,stage,int,2,180901,0,0,0,0,0,0,0
1077,さらいの洞窟（スプレーなし）,Abduction Den,期間限定チャレンジ,stage,int,2,180901,0,0,0,0,0,0,0
1078,食神のかまど（第13回期間限定）,Snack Pit,期間限定チャレンジ,stage,int,2,180901,0,0,0,0,0,0,0
1079,スナイパールーム（第13回期間限定）,Sniper Room,期間限定チャレンジ,stage,int,2,180901,0,0,0,0,0,0,0
1080,かくしもちの洞窟（第13回期間限定）,Cryptic Cavern,期間限定チャレンジ,stage,int,2,180901,0,0,0,0,0,0,0
1081,秘密兵器実験場（100秒縛り）,Secret Testing Range,期間限定チャレンジ,stage,int,2,180901,0,0,0,0,0,0,0
1082,デメマダラの巣窟（第13回期間限定）,Emperor's Realm,期間限定チャレンジ,stage,int,2,180901,0,0,0,0,0,0,0
1083,鉄人の穴（第13回期間限定）,Brawny Abyss,期間限定チャレンジ,stage,int,2,180901,0,0,0,0,0,0,0
1084,グリーンホール（第13回期間限定）,Green Hole,期間限定チャレンジ,stage,int,2,180901,0,0,0,0,0,0,0
1085,倍々ゲームの穴（第13回期間限定）,Breeding Ground,期間限定チャレンジ,stage,int,2,180901,0,0,0,0,0,0,0
1086,デメマダラの巣窟（カギのみ）,Emperor's Realm,期間限定チャレンジ,stage,int,2,190802,0,0,0,0,0,0,0
1087,コレクタールーム（カギのみ）,Collector's Room,期間限定チャレンジ,stage,int,2,190802,0,0,0,0,0,0,0
1088,秘密兵器実験場（カギのみ）,Secret Testing Range,期間限定チャレンジ,stage,int,2,190802,0,0,0,0,0,0,0
1089,地底警備室（カギのみ）,Subtettanean Lair,期間限定チャレンジ,stage,int,2,190802,0,0,0,0,0,0,0
1090,グリーンホール（カギのみ）,Green Hole,期間限定チャレンジ,stage,int,2,190802,0,0,0,0,0,0,0
1091,大足の穴（カギのみ）,Cavernous Abyss,期間限定チャレンジ,stage,int,2,190802,0,0,0,0,0,0,0
1092,あのひとの庭（カギのみ）,Creator's Garden,期間限定チャレンジ,stage,int,2,190802,0,0,0,0,0,0,0
1093,炎と水の試練場（カギのみ）,Hazard Training,期間限定チャレンジ,stage,int,2,190802,0,0,0,0,0,0,0
1094,新参者の試練場（カギのみ）,Novice Training,期間限定チャレンジ,stage,int,2,190802,0,0,0,0,0,0,0
1095,さらいの洞窟（カギのみ）,Abduction Den,期間限定チャレンジ,stage,int,2,190802,0,0,0,0,0,0,0
1096,巨人のトイレ（カギのみ）,The Giant's Bath,期間限定チャレンジ,stage,int,2,190802,0,0,0,0,0,0,0
1097,ショイグモの巣（カギのみ）,Dweevil Nest,期間限定チャレンジ,stage,int,2,190802,0,0,0,0,0,0,0
1098,天罰の穴（カギのみ）,Cave of Pain,期間限定チャレンジ,stage,int,2,190802,0,0,0,0,0,0,0
1099,食神のかまど（カギのみ）,Snack Pit,期間限定チャレンジ,stage,int,2,190802,0,0,0,0,0,0,0
1100,コンクリート迷路（カギのみ）,Concrete Maze,期間限定チャレンジ,stage,int,2,190802,0,0,0,0,0,0,0
1101,こてしらべの洞窟（カギのみ）,Explorer's Cave,期間限定チャレンジ,stage,int,2,190802,0,0,0,0,0,0,0
1102,花園を荒らすもの（カギのみ）,Trampled Garden,期間限定チャレンジ,stage,int,2,190802,0,0,0,0,0,0,0
1103,鼻息の洞穴（カギのみ）,Cave of Snarls,期間限定チャレンジ,stage,int,2,190802,0,0,0,0,0,0,0
1104,たそがれの庭（カギのみ）,Twilight Garden,期間限定チャレンジ,stage,int,2,190802,0,0,0,0,0,0,0
1105,鉄人の穴（カギのみ）,Brawny Abyss,期間限定チャレンジ,stage,int,2,190802,0,0,0,0,0,0,0
1106,神々のおもちゃ箱（カギのみ）,Lost Toy Box,期間限定チャレンジ,stage,int,2,190802,0,0,0,0,0,0,0
1107,地下の温室（カギのみ）,Hot House,期間限定チャレンジ,stage,int,2,190802,0,0,0,0,0,0,0
1108,どっすん迷路（カギのみ）,Bully Den,期間限定チャレンジ,stage,int,2,190802,0,0,0,0,0,0,0
1109,赤の洞窟（カギのみ）,Red Chasm,期間限定チャレンジ,stage,int,2,190802,0,0,0,0,0,0,0
1110,スナイパールーム（カギのみ）,Sniper Room,期間限定チャレンジ,stage,int,2,190802,0,0,0,0,0,0,0
1111,三色試練場（カギのみ）,Three Color Training,期間限定チャレンジ,stage,int,2,190802,0,0,0,0,0,0,0
1112,ひみつの花園（カギのみ）,The Hidden Garden,期間限定チャレンジ,stage,int,2,190802,0,0,0,0,0,0,0
1113,かくしもちの洞窟（カギのみ）,Cryptic Cavern,期間限定チャレンジ,stage,int,2,190802,0,0,0,0,0,0,0
1114,土とんの洞窟（カギのみ）,Rumbling Grotto,期間限定チャレンジ,stage,int,2,190802,0,0,0,0,0,0,0
1115,倍々ゲームの穴（カギのみ）,Breeding Ground,期間限定チャレンジ,stage,int,2,190802,0,0,0,0,0,0,0
1116,花園を荒らすもの（ノーキル）,Trampled Garden,期間限定チャレンジ,stage,int,2,200723,0,0,0,0,0,0,0
1117,鼻息の洞穴（交代縛り）,Cave of Snarls,期間限定チャレンジ,stage,int,2,200723,0,0,0,0,0,0,0
1118,地下の温室（赤青縛り）,Hot House,期間限定チャレンジ,stage,int,2,200723,0,0,0,0,0,0,0
1119,かくしもちの洞窟（各階犠牲縛り）,Cryptic Cavern,期間限定チャレンジ,stage,int,2,200723,0,0,0,0,0,0,0
1120,天罰の穴（残ピク１）,Cave of Pain,期間限定チャレンジ,stage,int,2,200723,0,0,0,0,0,0,0
1121,たそがれの庭（目隠し）,Twilight Garden,期間限定チャレンジ,stage,int,2,200723,0,0,0,0,0,0,0
1122,あのひとの庭（ノースプレー攻撃禁止）,Creator's Garden,期間限定チャレンジ,stage,int,2,200723,0,0,0,0,0,0,0
1123,土とんの洞窟（重複縛り）,Rumbling Grotto,期間限定チャレンジ,stage,int,2,200723,0,0,0,0,0,0,0
1124,神々のおもちゃ箱（渋滞選手権）,Lost Toy Box,期間限定チャレンジ,stage,int,2,200723,0,0,0,0,0,0,0
1125,コンクリート迷路（カメラ操作禁止）,Concrete Maze,期間限定チャレンジ,stage,int,2,200723,0,0,0,0,0,0,0
1126,ショイグモの巣（Bボタン縛り）,Dweevil Nest,期間限定チャレンジ,stage,int,2,200723,0,0,0,0,0,0,0
1127,食神のかまど（Aボタン縛り）,Snack Pit,期間限定チャレンジ,stage,int,2,200723,0,0,0,0,0,0,0
1128,三色試練場（タマ2キル）,Three Color Training,期間限定チャレンジ,stage,int,2,200723,0,0,0,0,0,0,0
1129,デメマダラの巣窟（葉縛り脱出）,Emperor's Realm,期間限定チャレンジ,stage,int,2,200723,0,0,0,0,0,0,0
1130,どっすん迷路（2セット縛り）,Bully Den,期間限定チャレンジ,stage,int,2,200723,0,0,0,0,0,0,0
1131,スナイパールーム（2バケツ限定）,Sniper Room,期間限定チャレンジ,stage,int,2,200723,0,0,0,0,0,0,0
1132,秘密兵器実験場（Aボタン縛り）,Secret Testing Range,期間限定チャレンジ,stage,int,2,200723,0,0,0,0,0,0,0
1133,地底警備室（Aボタン縛り）,Subtettanean Lair,期間限定チャレンジ,stage,int,2,200723,0,0,0,0,0,0,0
1134,さらいの洞窟（Aボタン縛り）,Abduction Den,期間限定チャレンジ,stage,int,2,200723,0,0,0,0,0,0,0
1135,コレクタールーム（250秒）,Collector's Room,期間限定チャレンジ,stage,int,2,200723,0,0,0,0,0,0,0
1136,鉄人の穴（フタクチ以外攻撃禁止）,Brawny Abyss,期間限定チャレンジ,stage,int,2,200723,0,0,0,0,0,0,0
1137,炎と水の試練場（お宝回収縛り）,Hazard Training,期間限定チャレンジ,stage,int,2,200723,0,0,0,0,0,0,0
1138,新参者の試練場（紫縛り）,Novice Training,期間限定チャレンジ,stage,int,2,200723,0,0,0,0,0,0,0
1139,グリーンホール（死骸回収禁止）,Green Hole,期間限定チャレンジ,stage,int,2,200723,0,0,0,0,0,0,0
1140,こてしらべの洞窟（両手縛り）,Explorer's Cave,期間限定チャレンジ,stage,int,2,200723,0,0,0,0,0,0,0
1141,巨人のトイレ（おまもりタマゴ）,The Giant's Bath,期間限定チャレンジ,stage,int,2,200723,0,0,0,0,0,0,0
1142,倍々ゲームの穴（2F以下黄縛り）,Breeding Ground,期間限定チャレンジ,stage,int,2,200723,0,0,0,0,0,0,0
1143,ひみつの花園（26匹縛り）,The Hidden Garden,期間限定チャレンジ,stage,int,2,200723,0,0,0,0,0,0,0
1144,赤の洞窟（コチャノーキル）,Red Chasm,期間限定チャレンジ,stage,int,2,200723,0,0,0,0,0,0,0
1145,大足の穴（ゾウ対50匹）,Cavernous Abyss,期間限定チャレンジ,stage,int,2,200723,0,0,0,0,0,0,0
1146,どっすん迷路（ローラーキル）,Bully Den,期間限定チャレンジ,stage,int,2,200918,0,0,0,0,0,0,0
1147,炎と水の試練場（完全色分け縛り）,Hazard Training,期間限定チャレンジ,stage,int,2,200918,0,0,0,0,0,0,0
1148,鼻息の洞穴（葉縛り脱出）,Cave of Snarls,期間限定チャレンジ,stage,int,2,200918,0,0,0,0,0,0,0
1149,天罰の穴（寝袋禁止）,Cave of Pain,期間限定チャレンジ,stage,int,2,200918,0,0,0,0,0,0,0
1150,地下の温室（三色縛り）,Hot House,期間限定チャレンジ,stage,int,2,200918,0,0,0,0,0,0,0
1151,秘密兵器実験場（だまぐもといっしょ）,Secret Testing Range,期間限定チャレンジ,stage,int,2,200918,0,0,0,0,0,0,0
1152,かくしもちの洞窟（目隠し）,Cryptic Cavern,期間限定チャレンジ,stage,int,2,200918,0,0,0,0,0,0,0
1153,あのひとの庭（壁破壊禁止）,Creator's Garden,期間限定チャレンジ,stage,int,2,200918,0,0,0,0,0,0,0
1154,デメマダラの巣窟（300秒）,Emperor's Realm,期間限定チャレンジ,stage,int,2,200918,0,0,0,0,0,0,0
1155,三色試練場（タマコキン放置）,Three Color Training,期間限定チャレンジ,stage,int,2,200918,0,0,0,0,0,0,0
1156,大足の穴（足縛り）,Cavernous Abyss,期間限定チャレンジ,stage,int,2,200918,0,0,0,0,0,0,0
1157,神々のおもちゃ箱（線路は続くよどこまでも）,Lost Toy Box,期間限定チャレンジ,stage,int,2,200918,0,0,0,0,0,0,0
1158,花園を荒らすもの（片面縛り）,Trampled Garden,期間限定チャレンジ,stage,int,2,200918,0,0,0,0,0,0,0
1159,赤の洞窟（A禁止）,Red Chasm,期間限定チャレンジ,stage,int,2,200918,0,0,0,0,0,0,0
1160,地底警備室（クマ占い）,Subtettanean Lair,期間限定チャレンジ,stage,int,2,200918,0,0,0,0,0,0,0
1161,食神のかまど（重いもの縛り）,Snack Pit,期間限定チャレンジ,stage,int,2,200918,0,0,0,0,0,0,0
1162,巨人のトイレ（交代禁止）,The Giant's Bath,期間限定チャレンジ,stage,int,2,200918,0,0,0,0,0,0,0
1163,グリーンホール（エキス持ち帰り）,Green Hole,期間限定チャレンジ,stage,int,2,211105,0,0,0,0,0,0,0
1164,コレクタールーム（A禁止）,Collector's Room,期間限定チャレンジ,stage,int,2,211105,0,0,0,0,0,0,0
1165,鉄人の穴（20匹縛り）,Brawny Abyss,期間限定チャレンジ,stage,int,2,211105,0,0,0,0,0,0,0
1166,赤の洞窟（1775ポコ）,Red Chasm,期間限定チャレンジ,stage,int,2,211105,0,0,0,0,0,0,0
1167,新参者の試練場（再利用禁止）,Novice Training,期間限定チャレンジ,stage,int,2,211105,0,0,0,0,0,0,0
1168,たそがれの庭（近視）,Twilight Garden,期間限定チャレンジ,stage,int,2,211105,0,0,0,0,0,0,0
1169,ショイグモの巣（残ピク減点）,Dweevil Nest,期間限定チャレンジ,stage,int,2,211105,0,0,0,0,0,0,0
1170,食神のかまど（120スタート）,Snack Pit,期間限定チャレンジ,stage,int,2,211105,0,0,0,0,0,0,0
1171,花畑を荒らすもの（片面のみ）,Trampled Garden,期間限定チャレンジ,stage,int,2,211105,0,0,0,0,0,0,0
1172,コンクリート迷路（手禁止）,Concrete Maze,期間限定チャレンジ,stage,int,2,211105,0,0,0,0,0,0,0
1173,地底警備室（ガチンコ対戦）,Subterranean Lair,期間限定チャレンジ,stage,int,2,211105,0,0,0,0,0,0,0
1174,どっすん迷路（カギのみ）,Bully Den,期間限定チャレンジ,stage,int,2,211105,0,0,0,0,0,0,0
1175,デメマダラの巣窟（誘導・解散のみ）,Emperor's Realm,期間限定チャレンジ,stage,int,2,211105,0,0,0,0,0,0,0
1176,さらいの洞窟（端スタート）,Abduction Den,期間限定チャレンジ,stage,int,2,211105,0,0,0,0,0,0,0
1177,倍々ゲームの穴（黄色のみ）,Breeding Ground,期間限定チャレンジ,stage,int,2,211105,0,0,0,0,0,0,0
1178,炎と水の試練場（タイム200倍）,Hazard Training,期間限定チャレンジ,stage,int,2,211105,0,0,0,0,0,0,0
1179,土とんの洞窟（160秒縛り）,Rumbling Grotto,期間限定チャレンジ,stage,int,2,211105,0,0,0,0,0,0,0
1180,秘密兵器実験場（B2F分業）,Secret Testing Range,期間限定チャレンジ,stage,int,2,211105,0,0,0,0,0,0,0
1181,大足の穴（間欠泉奥）,Cavernous Abyss,期間限定チャレンジ,stage,int,2,211105,0,0,0,0,0,0,0
1182,地下の温室（安全栽培）,Hot House,期間限定チャレンジ,stage,int,2,211105,0,0,0,0,0,0,0
1183,スナイパールーム（ノーキル）,Sniper Room,期間限定チャレンジ,stage,int,2,211105,0,0,0,0,0,0,0
1184,かくしもちの洞窟（全奥縛り）,Cryptic Cavern,期間限定チャレンジ,stage,int,2,211105,0,0,0,0,0,0,0
1185,スナイパールーム（攻撃縛り）,Sniper Room,期間限定チャレンジ,stage,int,2,221008,0,0,0,0,0,0,0
1186,花園を荒らすもの（片面縛り）,Trampled Garden,期間限定チャレンジ,stage,int,2,221008,0,0,0,0,0,0,0
1187,炎と水の試練場（スプレーなし）,Hazard Training,期間限定チャレンジ,stage,int,2,221008,0,0,0,0,0,0,0
1188,ひみつの花園（100秒縛り）,The Hidden Garden,期間限定チャレンジ,stage,int,2,221008,0,0,0,0,0,0,0
1189,倍々ゲームの穴（12匹縛り）,Breeding Ground,期間限定チャレンジ,stage,int,2,221008,0,0,0,0,0,0,0
1190,神々のおもちゃ箱（渋滞選手権）,Lost Toy Box,期間限定チャレンジ,stage,int,2,221008,0,0,0,0,0,0,0
1191,赤の洞窟（1775ポコ）,Red Chasm,期間限定チャレンジ,stage,int,2,221008,0,0,0,0,0,0,0
1192,コレクタールーム（残35匹）,Collector's Room,期間限定チャレンジ,stage,int,2,221008,0,0,0,0,0,0,0
1193,どっすん迷路（アメ１残し）,Bully Den,期間限定チャレンジ,stage,int,2,221008,0,0,0,0,0,0,0
1194,土とんの洞窟（スプレー１種）,Rumbling Grotto,期間限定チャレンジ,stage,int,2,221008,0,0,0,0,0,0,0
1195,コンクリート迷路（タマゴなし）,Concrete Maze,期間限定チャレンジ,stage,int,2,221008,0,0,0,0,0,0,0
1196,ショイグモの巣（遠視縛り）,Dweevil Nest,期間限定チャレンジ,stage,int,2,221008,0,0,0,0,0,0,0
1197,こてしらべの洞窟,Explorer's Cave,参加者企画,stage,int,2,190209,200,3442,50,0,0,0,0
1198,新参者の試練場,Novice Training,参加者企画,stage,int,2,190209,340,3725,30,0,0,0,0
1199,神々のおもちゃ箱,Lost Toy Box,参加者企画,stage,int,2,190209,250,4713,100,0,0,0,0
1200,あのひとの庭,Creator's Garden,参加者企画,stage,int,2,190209,180,1334,50,0,0,0,0
1201,グリーンホール,Green Hole,参加者企画,stage,int,2,190209,185,1087,50,0,0,0,0
1202,地下の温室,Hot House,参加者企画,stage,int,2,190209,200,891,35,0,0,0,0
1203,鉄人の穴,Brawny Abyss,参加者企画,stage,int,2,190209,230,1423,50,0,0,0,0
1204,赤の洞窟,Red Chasm,参加者企画,stage,int,2,190209,130,1840,40,0,0,0,0
1205,花畑を荒らすもの,Trampled Garden,参加者企画,stage,int,2,190209,145,5001,80,0,0,0,0
1206,たそがれの庭,Twilight Garden,参加者企画,stage,int,2,190209,145,2616,50,0,0,0,0
1207,かくしもちの洞窟,Cryptic Cavern,参加者企画,stage,int,2,190209,300,826,10,0,0,0,0
1208,コンクリート迷路,Concrete Maze,参加者企画,stage,int,2,190209,220,460,18,0,0,0,0
1209,コレクタールーム,Collector's Room,参加者企画,stage,int,2,190209,305,4774,50,0,0,0,0
1210,ショイグモの巣,Dweevil Nest,参加者企画,stage,int,2,190209,180,1722,100,0,0,0,0
1211,大足の穴,Cavernous Abyss,参加者企画,stage,int,2,190209,200,561,50,0,0,0,0
1212,食神のかまど,Snack Pit,参加者企画,stage,int,2,190209,150,564,25,0,0,0,0
1213,三色試練場,Three Color Training,参加者企画,stage,int,2,190209,230,1574,60,0,0,0,0
1214,炎と水の試練場,Hazard Training,参加者企画,stage,int,2,190209,400,5317,50,0,0,0,0
1215,鼻息の洞穴,Cave of Snarls,参加者企画,stage,int,2,190209,250,1103,50,0,0,0,0
1216,巨人のトイレ,The Giant's Bath,参加者企画,stage,int,2,190209,350,1470,50,0,0,0,0
1217,土とんの洞窟,Rumbling Grotto,参加者企画,stage,int,2,190209,290,3464,60,0,0,0,0
1218,地底警備室,Subterranean Lair,参加者企画,stage,int,2,190209,90,1378,60,0,0,0,0
1219,ひみつの花園,The Hidden Garden,参加者企画,stage,int,2,190209,200,921,50,0,0,0,0
1220,さらいの洞窟,Abduction Den,参加者企画,stage,int,2,190209,180,1361,60,0,0,0,0
1221,秘密兵器実験場,Secret Testing Range,参加者企画,stage,int,2,190209,250,2734,50,0,0,0,0
1222,倍々ゲームの穴,Breeding Ground,参加者企画,stage,int,2,190209,430,3144,100,0,0,0,0
1223,天罰の穴,Cave of Pain,参加者企画,stage,int,2,190209,160,978,50,0,0,0,0
1224,どっすん迷路,Bully Den,参加者企画,stage,int,2,190209,300,3200,25,0,0,0,0
1225,スナイパールーム,Sniper Room,参加者企画,stage,int,2,190209,255,3252,50,0,0,0,0
1226,デメマダラの巣窟,Emperor's Realm,参加者企画,stage,int,2,190209,500,3097,74,0,0,0,0
1227,こてしらべの洞窟,Explorer's Cave,参加者企画,stage,int,2,190321,200,3442,50,0,0,0,0
1228,新参者の試練場,Novice Training,参加者企画,stage,int,2,190321,340,3725,30,0,0,0,0
1229,神々のおもちゃ箱,Lost Toy Box,参加者企画,stage,int,2,190321,250,4713,100,0,0,0,0
1230,あのひとの庭,Creator's Garden,参加者企画,stage,int,2,190321,180,1334,50,0,0,0,0
1231,グリーンホール,Green Hole,参加者企画,stage,int,2,190321,185,1087,50,0,0,0,0
1232,地下の温室,Hot House,参加者企画,stage,int,2,190321,200,891,35,0,0,0,0
1233,鉄人の穴,Brawny Abyss,参加者企画,stage,int,2,190321,230,1423,50,0,0,0,0
1234,赤の洞窟,Red Chasm,参加者企画,stage,int,2,190321,130,1840,40,0,0,0,0
1235,花畑を荒らすもの,Trampled Garden,参加者企画,stage,int,2,190321,145,5001,80,0,0,0,0
1236,たそがれの庭,Twilight Garden,参加者企画,stage,int,2,190321,145,2616,50,0,0,0,0
1237,かくしもちの洞窟,Cryptic Cavern,参加者企画,stage,int,2,190321,300,826,10,0,0,0,0
1238,コンクリート迷路,Concrete Maze,参加者企画,stage,int,2,190321,220,460,18,0,0,0,0
1239,コレクタールーム,Collector's Room,参加者企画,stage,int,2,190321,305,4774,50,0,0,0,0
1240,ショイグモの巣,Dweevil Nest,参加者企画,stage,int,2,190321,180,1722,100,0,0,0,0
1241,大足の穴,Cavernous Abyss,参加者企画,stage,int,2,190321,200,561,50,0,0,0,0
1242,食神のかまど,Snack Pit,参加者企画,stage,int,2,190321,150,564,25,0,0,0,0
1243,三色試練場,Three Color Training,参加者企画,stage,int,2,190321,230,1574,60,0,0,0,0
1244,炎と水の試練場,Hazard Training,参加者企画,stage,int,2,190321,400,5317,50,0,0,0,0
1245,鼻息の洞穴,Cave of Snarls,参加者企画,stage,int,2,190321,250,1103,50,0,0,0,0
1246,巨人のトイレ,The Giant's Bath,参加者企画,stage,int,2,190321,350,1470,50,0,0,0,0
1247,土とんの洞窟,Rumbling Grotto,参加者企画,stage,int,2,190321,290,3464,60,0,0,0,0
1248,地底警備室,Subterranean Lair,参加者企画,stage,int,2,190321,90,1378,60,0,0,0,0
1249,ひみつの花園,The Hidden Garden,参加者企画,stage,int,2,190321,200,921,50,0,0,0,0
1250,さらいの洞窟,Abduction Den,参加者企画,stage,int,2,190321,180,1361,60,0,0,0,0
1251,秘密兵器実験場,Secret Testing Range,参加者企画,stage,int,2,190321,250,2734,50,0,0,0,0
1252,倍々ゲームの穴,Breeding Ground,参加者企画,stage,int,2,190321,430,3144,100,0,0,0,0
1253,天罰の穴,Cave of Pain,参加者企画,stage,int,2,190321,160,978,50,0,0,0,0
1254,どっすん迷路,Bully Den,参加者企画,stage,int,2,190321,300,3200,25,0,0,0,0
1255,スナイパールーム,Sniper Room,参加者企画,stage,int,2,190321,255,3252,50,0,0,0,0
1256,デメマダラの巣窟,Emperor's Realm,参加者企画,stage,int,2,190321,500,3097,74,0,0,0,0
1257,こてしらべの洞窟（ムシ取り）,Explorer's Cave,参加者企画,stage,int,2,210829,200,3442,50,0,0,0,0
1258,新参者の試練場（ムシ取り）,Novice Training,参加者企画,stage,int,2,210829,340,3715,30,0,0,0,0
1259,グリーンホール（ムシ取り）,Green Hole,参加者企画,stage,int,2,210829,185,1087,50,0,0,0,0
1260,地下の温室（ムシ取り）,Hot House,参加者企画,stage,int,2,210829,200,891,35,0,0,0,0
1261,鉄人の穴（ムシ取り）,Brawny Abyss,参加者企画,stage,int,2,210829,230,1423,50,0,0,0,0
1262,コンクリート迷路（ムシ取り）,Concrete Maze,参加者企画,stage,int,2,210829,220,460,18,0,0,0,0
1263,三色試練場（ムシ取り）,Three Color Training,参加者企画,stage,int,2,210829,230,1564,60,0,0,0,0
1264,炎と水の試練場（ムシ取り）,Hazard Training,参加者企画,stage,int,2,210829,400,5317,50,0,0,0,0
1265,巨人のトイレ（ムシ取り）,The Giant's Bath,参加者企画,stage,int,2,210829,350,1470,50,0,0,0,0
1266,倍々ゲームの穴（ムシ取り）,Breeding Ground,参加者企画,stage,int,2,210829,430,3144,100,0,0,0,0
1267,どっすん迷路（ムシ取り）,Bully Den,参加者企画,stage,int,2,210829,300,3200,25,0,0,0,0
1268,スナイパールーム（ムシ取り）,Sniper Room,参加者企画,stage,int,2,210829,255,3252,50,0,0,0,0
1269,デメマダラの巣窟（ムシ取り）,Emperor's Realm,参加者企画,stage,int,2,210829,500,3097,74,0,0,0,0
1270,こてしらべの洞窟（794ポコ）,Explorer's Cave,ピクミン2 日替わりチャレンジ,stage,int,2,161022,200,794,50,0,0,0,0
1271,新参者の試練場（1823ポコ）,Novice Training,ピクミン2 日替わりチャレンジ,stage,int,2,161022,340,1823,30,0,0,0,0
1272,神々のおもちゃ箱（867ポコ）,Lost Toy Box,ピクミン2 日替わりチャレンジ,stage,int,2,161022,250,867,100,0,0,0,0
1273,あのひとの庭（684ポコ）,Creator's Garden,ピクミン2 日替わりチャレンジ,stage,int,2,161022,180,684,50,0,0,0,0
1274,グリーンホール（595ポコ）,Green Hole,ピクミン2 日替わりチャレンジ,stage,int,2,161022,185,595,50,0,0,0,0
1275,地下の温室（372ポコ）,Hot House,ピクミン2 日替わりチャレンジ,stage,int,2,161022,200,372,35,0,0,0,0
1276,鉄人の穴（570ポコ）,Brawny Abyss,ピクミン2 日替わりチャレンジ,stage,int,2,161022,230,570,50,0,0,0,0
1277,赤の洞窟（722ポコ）,Red Chasm,ピクミン2 日替わりチャレンジ,stage,int,2,161022,130,722,40,0,0,0,0
1278,花園を荒らすもの（2700ポコ）,Trampled Garden,ピクミン2 日替わりチャレンジ,stage,int,2,161022,145,2700,80,0,0,0,0
1279,たそがれの庭（909ポコ）,Twilight Garden,ピクミン2 日替わりチャレンジ,stage,int,2,161022,145,909,50,0,0,0,0
1280,かくしもちの洞窟（526ポコ）,Cryptic Cavern,ピクミン2 日替わりチャレンジ,stage,int,2,161022,300,526,10,0,0,0,0
1281,コンクリート迷路（460ポコ）,Concrete Maze,ピクミン2 日替わりチャレンジ,stage,int,2,161022,220,460,18,0,0,0,0
1282,コレクタールーム（2011ポコ）,Collector's Room,ピクミン2 日替わりチャレンジ,stage,int,2,161022,305,2011,50,0,0,0,0
1283,ショイグモの巣（643ポコ）,Dweevil Nest,ピクミン2 日替わりチャレンジ,stage,int,2,161022,180,643,100,0,0,0,0
1284,大足の穴（100ポコ）,Cavernous Abyss,ピクミン2 日替わりチャレンジ,stage,int,2,161022,200,100,50,0,0,0,0
1285,食神のかまど（230ポコ）,Snack Pit,ピクミン2 日替わりチャレンジ,stage,int,2,161022,150,230,25,0,0,0,0
1286,三色試練場（662ポコ）,Three Color Training,ピクミン2 日替わりチャレンジ,stage,int,2,161022,230,662,60,0,0,0,0
1287,炎と水の試練場（1364ポコ）,Hazard Training,ピクミン2 日替わりチャレンジ,stage,int,2,161022,400,1364,50,0,0,0,0
1288,鼻息の洞穴（547ポコ）,Cave of Snarls,ピクミン2 日替わりチャレンジ,stage,int,2,161022,250,547,50,0,0,0,0
1289,巨人のトイレ（675ポコ）,The Giant's Bath,ピクミン2 日替わりチャレンジ,stage,int,2,161022,350,675,50,0,0,0,0
1290,土とんの洞窟（1037ポコ）,Rumbling Grotto,ピクミン2 日替わりチャレンジ,stage,int,2,161022,290,1037,60,0,0,0,0
1291,地底警備室（522ポコ）,Subtettanean Lair,ピクミン2 日替わりチャレンジ,stage,int,2,161022,90,522,60,0,0,0,0
1292,ひみつの花園（229ポコ）,The Hidden Garden,ピクミン2 日替わりチャレンジ,stage,int,2,161022,200,229,50,0,0,0,0
1293,さらいの洞窟（456ポコ）,Abduction Den,ピクミン2 日替わりチャレンジ,stage,int,2,161022,180,456,60,0,0,0,0
1294,秘密兵器実験場（900ポコ）,Secret Testing Range,ピクミン2 日替わりチャレンジ,stage,int,2,161022,250,900,50,0,0,0,0
1295,倍々ゲームの穴（682ポコ）,Breeding Ground,ピクミン2 日替わりチャレンジ,stage,int,2,161022,430,682,100,0,0,0,0
1296,天罰の穴（417ポコ）,Cave of Pain,ピクミン2 日替わりチャレンジ,stage,int,2,161022,160,417,50,0,0,0,0
1297,どっすん迷路（551ポコ）,Bully Den,ピクミン2 日替わりチャレンジ,stage,int,2,161022,300,551,25,0,0,0,0
1298,スナイパールーム（1005ポコ）,Sniper Room,ピクミン2 日替わりチャレンジ,stage,int,2,161022,255,1005,50,0,0,0,0
1299,デメマダラの巣窟（1171ポコ）,Emperor's Realm,ピクミン2 日替わりチャレンジ,stage,int,2,161022,500,1171,74,0,0,0,0
1300,コレクタールーム（２ピック）,Collector's Room,期間限定チャレンジ,stage,int,2,231216,0,0,0,0,0,0,0
1301,三色試練場（エレキ無視）,Three Color Training,期間限定チャレンジ,stage,int,2,231216,0,0,0,0,0,0,0
1302,赤の洞窟（チキンレース）,Red Chasm,期間限定チャレンジ,stage,int,2,231216,0,0,0,0,0,0,0
1303,地底警備室（エキス還元祭り）,Subtettanean Lair,期間限定チャレンジ,stage,int,2,231216,0,0,0,0,0,0,0
1304,さらいの洞窟（爆殺縛り）,Abduction Den,期間限定チャレンジ,stage,int,2,231216,0,0,0,0,0,0,0
1305,テキパキ水族館（ダンドリ検定）,Planning Pools,期間限定チャレンジ,stage,int,2,231216,0,0,0,0,0,0,0
1306,超重配送センター（拠点移動禁止）,Hefty Haulway,期間限定チャレンジ,stage,int,2,231216,0,0,0,0,0,0,0
1307,漆ダン 一網打尽の庭（トッシン縛り）,7th Story: One Fell Jump,期間限定チャレンジ,stage,int,2,231216,0,0,0,0,0,0,0
1308,終ダン 紫の免許皆傳（オッチン禁止）,Final Story: The Purple Key,期間限定チャレンジ,stage,int,2,231216,0,0,0,0,0,0,0